ABELA,Brian,USA,AAB,Parcours/AAB.html,0
ABRAMS,Mitch,USA,A1M,Parcours/A1M.html,0
ACETO,Mario,Italy,AOM,Parcours/AOM.html,0
ACQUE,Steve,USA,AES,Parcours/AES.html,0
ADAMS,Kevin,USA,ASK,Parcours/ASK.html,0
ADAMS,Clinton,USA,ASC,Parcours/ASC.html,0
ADAMSSON,Jersee,Sweden,ANJ,Parcours/ANJ.html,0
AGER,Chris,UK,ARC,Parcours/ARC.html,0
AGUADO,Carlos,Spain,AOC,Parcours/AOC.html,0
AHL,Mikael,Sweden,ALM,Parcours/ALM.html,0
AIKENS,Jim,USA,ASJ,Parcours/ASJ.html,0
AINSWORTH,Iain,UK,AHI,Parcours/AHI.html,0
ALEGRE,Albert,Spain,AEA,Parcours/AEA.html,0
ALES,Mario,Italy,ASM,Parcours/ASM.html,0
ALESSE,Roberto,Italy,AER,Parcours/AER.html,0
ALLAN,Scott,USA,ANC,Parcours/ANC.html,0
ALLEN,Ryan,USA,C2R,Parcours/C2R.html,0
ALLEN,Michael,UK,A2M,Parcours/A2M.html,0
ALLEXENBERG,Mike,USA,AGM,Parcours/AGM.html,0
ALM,Göran,Sweden,AMG,Parcours/AMG.html,0
ALONSO,Vince,USA,AOV,Parcours/AOV.html,0
ALPEYRIE,Jon,USA,AEJ,Parcours/AEJ.html,0
ALRIQ,Damien,France,AQD,Parcours/AQD.html,0
AMIGHETTI,Lucio,Italy,AIL,Parcours/AIL.html,0
ANDERSEN,Darrell,USA,AN1,Parcours/AN1.html,0
ANDERSON,Steve,USA,ANT,Parcours/ANT.html,0
ANDERSON,Paul,USA,ANA,Parcours/ANA.html,0
ANDERSSON,Robert,Sweden,ANR,Parcours/ANR.html,0
ANDERSSON,Göran,Sweden,ANG,Parcours/ANG.html,0
ANDREU,Jorge,Spain,AUJ,Parcours/AUJ.html,0
ANDREWS,Niel,Australia,A1N,Parcours/A1N.html,0
ANGELL,Cloyde,USA,ALC,Parcours/ALC.html,0
ANGRISANI,Dave,USA,AID,Parcours/AID.html,0
ANSELIN,Pierre,France,ANP,Parcours/ANP.html,0
ANTON,Paco,Spain,ANF,Parcours/ANF.html,0
APON,Rico,Netherlands,A2R,Parcours/A2R.html,0
APPEL,John,USA,ALJ,Parcours/ALJ.html,0
ARGENT,Chas,USA,ATC,Parcours/ATC.html,0
ARMONIA,Salvatore,France,AAS,Parcours/AAS.html,0
ARMSTRONG,Spencer,USA,AGS,Parcours/AGS.html,0
ARNOLD,Tom,USA,ADT,Parcours/ADT.html,0
ARRACHART,Laurent,France,ATL,Parcours/ATL.html,0
ARRIETA,Rob,USA,AAR,Parcours/AAR.html,0
ARSTAD,Bjoerner,Norway,ADB,Parcours/ADB.html,0
ARTHUR,Joe,UK,ARJ,Parcours/ARJ.html,0
ASHBAUGH,Bill,USA,AGW,Parcours/AGW.html,0
ASSELIN,Paul,Canada,A2P,Parcours/A2P.html,0
ASTRUC,Jérome,France,ACJ,Parcours/ACJ.html,0
ATKIN,Andrew,Canada,AN0,Parcours/AN0.html,0
ATTERBERRY,Forest,USA,AYF,Parcours/AYF.html,0
ATTRIDGE,Joss,UK,A8J,Parcours/A8J.html,0
AUDEMARD,Patrice,France,ADP,Parcours/ADP.html,0
AUDEMARD,Didier,France,ADD,Parcours/ADD.html,0
AUGUSTINE,Mike,USA,AEM,Parcours/AEM.html,0
AUSDENMORE,Richard,USA,A8R,Parcours/A8R.html,0
AUSTIN,Steve,USA,A21,Parcours/A21.html,0
AVANTS,Brett,USA,ASB,Parcours/ASB.html,0
AVI,Aris,Djakarta,AIA,Parcours/AIA.html,0
AVTGES,Nick,USA,ASI,Parcours/ASI.html,0
BAAS,Jean-Luc,France,BSJ,Parcours/BSJ.html,0
BABAULT,Laurent,France,B4L,Parcours/B4L.html,0
BACCHINI,Danilo,Italy,BID,Parcours/BID.html,0
BADER,Matthias,Germany,23M,Parcours/23M.html,0
BADER,Markus,Germany,B3M,Parcours/B3M.html,0
BAKKE,Nils,Norway,BEN,Parcours/BEN.html,0
BAL,Jas,UK,BLJ,Parcours/BLJ.html,0
BALAGUER MONFERRER,José Tomas,Spain,B3J,Parcours/B3J.html,0
BALDWIN,Sam,USA,B21,Parcours/B21.html,0
BALL,Blake,Canada,BLB,Parcours/BLB.html,0
BALMASEDA,Robert,USA,BAR,Parcours/BAR.html,0
BALSOM,Ken,Canada,BMK,Parcours/BMK.html,0
BANHAM,Steve,Australia,BMS,Parcours/BMS.html,0
BANOZIC,Rob,USA,BCR,Parcours/BCR.html,0
BANYULS,José-Luis,Spain,BSO,Parcours/BSO.html,0
BARBAROUX,Philippe,USA,3XP,Parcours/3XP.html,0
BARBER,Matt,Canada,236,Parcours/236.html,0
BARBUSCIA,Wilfried,France,BAW,Parcours/BAW.html,0
BARKER,Martin,UK,BRM,Parcours/BRM.html,0
BARNDORPH,Tomas,Denmark,BHT,Parcours/BHT.html,0
BARNETT,Jared,Australia,BTJ,Parcours/BTJ.html,0
BARNETTE,Rob,USA,BE1,Parcours/BE1.html,0
BARSNESS,Greg,USA,BSG,Parcours/BSG.html,0
BARTIS,Ernie,USA,BSR,Parcours/BSR.html,0
BARTLETT,Gary,USA,BTG,Parcours/BTG.html,0
BARTOO,Roy,USA,BOR,Parcours/BOR.html,0
BATARD,Christophe,France,BDC,Parcours/BDC.html,0
BATES,George,Singapore,B1G,Parcours/B1G.html,0
BATES,Dan,USA,BSD,Parcours/BSD.html,0
BAULT,Todd,USA,BT4,Parcours/BT4.html,0
BAUMBER,Wayne,UK,BRW,Parcours/BRW.html,0
BAUVENT,Alain,France,24A,Parcours/24A.html,0
BAYS,John,USA,B1J,Parcours/B1J.html,0
BEAS,Javier,Spain,214,Parcours/214.html,0
BEATON,Andy,Canada,B2A,Parcours/B2A.html,0
BECHENNEC,Jean Luc,France,BCJ,Parcours/BCJ.html,0
BEDDES,Nathan,USA,BSN,Parcours/BSN.html,0
BEEKMAN,Edward,USA,BN2,Parcours/BN2.html,0
BEH-AHARON,Erez,Israel,B2E,Parcours/B2E.html,0
BEHAR,Victor,USA,BRV,Parcours/BRV.html,0
BEIJARD,Dirk,Netherlands,BDD,Parcours/BDD.html,0
BELCHER,Sam,USA,B3S,Parcours/B3S.html,0
BELL,Scott,USA,BLS,Parcours/BLS.html,0
BELL,Colin,UK,2LC,Parcours/2LC.html,0
BELLAMY,Blair,Canada,BYB,Parcours/BYB.html,0
BELMONTE,Francisco,Spain,BEF,Parcours/BEF.html,0
BENDAZZI,Davide,Italy,BIV,Parcours/BIV.html,0
BENDER,Trevor,Canada,B34,Parcours/B34.html,0
BENDER,Bruce,USA,BRB,Parcours/BRB.html,0
BENDIS,Bob,USA,BSB,Parcours/BSB.html,0
BENN,Craig,UK,BNC,Parcours/BNC.html,0
BENNATI,Mauro,Italy,BIU,Parcours/BIU.html,0
BENNER,Jean-Marc,France,BRJ,Parcours/BRJ.html,0
BENNET,Jim,Canada,B4J,Parcours/B4J.html,0
BENNETT,Doug,USA,BTD,Parcours/BTD.html,0
BENOIS,Frédéric,France,BSF,Parcours/BSF.html,0
BENOIT,Al,USA,B4A,Parcours/B4A.html,0
BENOIT,Sébastien,France,B41,Parcours/B41.html,0
BERGER,Kurt,Canada,B3K,Parcours/B3K.html,0
BERGOT,Laurent,France,BTL,Parcours/BTL.html,0
BERGWALL,Mattias,Sweden,BLM,Parcours/BLM.html,0
BERKMAN,Jim,USA,BNJ,Parcours/BNJ.html,0
BERNHEIM,Arnaud,France,BMA,Parcours/BMA.html,0
BERT,Arnaud,France,BTR,Parcours/BTR.html,0
BERTHOME,Thierry,France,B8T,Parcours/B8T.html,0
BERTRAND,Clément,France,B7C,Parcours/B7C.html,0
BEST,Roger,USA,BT1,Parcours/BT1.html,0
BEST,Dan,USA,B4D,Parcours/B4D.html,0
BIBLER,John,USA,BRH,Parcours/BRH.html,0
BILLETT,Bruce,USA,B4B,Parcours/B4B.html,0
BILLS,Alan,USA,BS1,Parcours/BS1.html,0
BINNS,William,UK,BSW,Parcours/BSW.html,0
BIRD,Bill,Canada,BDW,Parcours/BDW.html,0
BISERNI,Alberto,Italy,BIA,Parcours/BIA.html,0
BISHOP,Jim,USA,BPJ,Parcours/BPJ.html,0
BISHOP,David,Australia,BPD,Parcours/BPD.html,0
BISS,Francis G.,USA,B1F,Parcours/B1F.html,0
BISTODEAU,Mike,USA,BUM,Parcours/BUM.html,0
BJORKÅS,Øyvind,Norway,BSY,Parcours/BSY.html,0
BLACK,Michael,USA,BK1,Parcours/BK1.html,0
BLACKMORE,Mark,UK,BER,Parcours/BER.html,0
BLACKWOOD,David,UK,B7B,Parcours/B7B.html,0
BLAD,Brian,USA,BD1,Parcours/BD1.html,0
BLAIR,Nigel,UK,BRL,Parcours/BRL.html,0
BLANKENSHIP,Paul,USA,BPP,Parcours/BPP.html,0
BLANTON,Scott,USA,BNS,Parcours/BNS.html,0
BLASCO FORNOS,Daniel,Spain,BOD,Parcours/BOD.html,0
BLEYAERT,Doug,USA,BTO,Parcours/BTO.html,0
BLIERSBACH,Rolf-Udo,Germany,BHR,Parcours/BHR.html,0
BLOMSTRAND,Edward,Sweden,BDE,Parcours/BDE.html,0
BLUME,Marc,Switzerland,BEM,Parcours/BEM.html,0
BOCK,John,USA,BK2,Parcours/BK2.html,0
BODENHEIMER,Karl,USA,BRK,Parcours/BRK.html,0
BODET,Benoit,France,BTB,Parcours/BTB.html,0
BOEHLAND,Matt,USA,BDM,Parcours/BDM.html,0
BOERMAN,thom,USA,BN4,Parcours/BN4.html,0
BOLES,Kevin,USA,BSK,Parcours/BSK.html,0
BOLES,Jeff,USA,31J,Parcours/31J.html,0
BOND,Steve,Australia,BDS,Parcours/BDS.html,0
BONDAY,Paul,USA,BYP,Parcours/BYP.html,0
BONEAR,Ron,USA,BRR,Parcours/BRR.html,0
BONGIOVANNI,Eric,France,BIE,Parcours/BIE.html,0
BONGIOVANNI,Michel,France,BIM,Parcours/BIM.html,0
BONHOMME,Bruno,France,BEB,Parcours/BEB.html,0
BOOK,Matt,USA,BKM,Parcours/BKM.html,0
BOOMER,Jesse,USA,334,Parcours/334.html,0
BORDER,Tim,USA,BRT,Parcours/BRT.html,0
BOREL,Alain,Switzerland,BLA,Parcours/BLA.html,0
BOSSI,Maurizio,Italy,BI6,Parcours/BI6.html,0
BOTTEMANE,Daniel,France,BED,Parcours/BED.html,0
BOUDREAUX,Wayne,USA,BXW,Parcours/BXW.html,0
BOUDRENGHIEN,François,France,BNF,Parcours/BNF.html,0
BOUIS,Arnaud,France,BSA,Parcours/BSA.html,0
BOURGEAULT,Mike,Canada,BTM,Parcours/BTM.html,0
BOWMAN,Broc,USA,B2B,Parcours/B2B.html,0
BOYKO,Vincent,Canada,BOV,Parcours/BOV.html,0
BOYLE,Jack,USA,B8J,Parcours/B8J.html,0
BRAACK,Thilo,Germany,BKT,Parcours/BKT.html,0
BRACKIN,Jim,USA,22J,Parcours/22J.html,0
BRACKNEY,Chris,USA,BYC,Parcours/BYC.html,0
BRADLEY,Phil,USA,B5P,Parcours/B5P.html,0
BRADLEY,Gary,USA,BYG,Parcours/BYG.html,0
BRADSHAW,Kevin,USA,B9K,Parcours/B9K.html,0
BRADY,Scott,USA,BYS,Parcours/BYS.html,0
BRANNAN,Shane,USA,B2S,Parcours/B2S.html,0
BRANT,Stuart,UK,BTT,Parcours/BTT.html,0
BRASSEUR,Steve,USA,BRS,Parcours/BRS.html,0
BRASWELL,Chandler,USA,BLC,Parcours/BLC.html,0
BRAULT,Todd,USA,B44,Parcours/B44.html,0
BRAUND,Daniel,Canada,B77,Parcours/B77.html,0
BRAY,Alessandro,Italy,BYA,Parcours/BYA.html,0
BRAY,Lee,UK,BYL,Parcours/BYL.html,0
BRIAUX,Philippe,France,BXP,Parcours/BXP.html,0
BRIEADDY,Tim,USA,BYT,Parcours/BYT.html,0
BRIEN,Larry,Canada,BNL,Parcours/BNL.html,0
BRINKMANN,Maik,Singapore,B2M,Parcours/B2M.html,0
BRISSET,Patrice,France,B3P,Parcours/B3P.html,0
BRISSET,Arnaud,France,BTA,Parcours/BTA.html,0
BRISTOW,Keith,UK,BWK,Parcours/BWK.html,0
BROCHETON,Laurent,France,B2L,Parcours/B2L.html,0
BROCK,John,USA,BK3,Parcours/BK3.html,0
BRODIE,Bill,Australia,BE9,Parcours/BE9.html,0
BROOKS,Curtis,USA,BSC,Parcours/BSC.html,0
BROWN,Brian,USA,222,Parcours/222.html,0
BROWN,Bob,USA,BNO,Parcours/BNO.html,0
BRUNGER,Neil,UK,BRN,Parcours/BRN.html,0
BRUNNER,Michael,USA,BR5,Parcours/BR5.html,0
BUCKLEY,Steve,USA,BY1,Parcours/BY1.html,0
BUCKLEY,Bryce,USA,B5B,Parcours/B5B.html,0
BUEHLER,Chris,USA,BRC,Parcours/BRC.html,0
BUGGE,Hans,Norway,BEH,Parcours/BEH.html,0
BUNCE,Tim,UK,BET,Parcours/BET.html,0
BUNTEN,Russ,USA,BNR,Parcours/BNR.html,0
BURCHARDT,André,Germany,BRD,Parcours/BRD.html,0
BUREAU,Alban,France,BUA,Parcours/BUA.html,0
BURKHALTER,Hank,USA,BR4,Parcours/BR4.html,0
BURLEIGH,Stephen,Sweden,BHS,Parcours/BHS.html,0
BURNETTE,Jason,USA,BE3,Parcours/BE3.html,0
BURRIS,Jim (Jr.),USA,BSI,Parcours/BSI.html,0
BURRIS SR,Jim (Sr.),USA,B2J,Parcours/B2J.html,0
BURTON,Gerard,UK,BNG,Parcours/BNG.html,0
BURTON,Rob,USA,BN1,Parcours/BN1.html,0
BURTON,Rich,USA,B23,Parcours/B23.html,0
BUSBY,Jeremy,USA,BYJ,Parcours/BYJ.html,0
BUSER,Jeff,USA,23J,Parcours/23J.html,0
BYRNE,Scott,New Zealand,BES,Parcours/BES.html,0
BYWATER,Rob,UK,B33,Parcours/B33.html,0
BøE,Ole,Norway,BEO,Parcours/BEO.html,0
CABEEN,Ted,USA,0NT,Parcours/0NT.html,0
CABRé,Marti,Spain,C8M,Parcours/C8M.html,0
CADIEUX,Mike,USA,CXM,Parcours/CXM.html,0
CAIRETA,Lluis,Spain,CAU,Parcours/CAU.html,0
CALCADA,Luis,Portugal,CAL,Parcours/CAL.html,0
CALHOUN,Mark,USA,C26,Parcours/C26.html,0
CALLEN,Bob,USA,CN2,Parcours/CN2.html,0
CALLEN,Rodney,USA,CNR,Parcours/CNR.html,0
CALLEN,Andrew,USA,C2A,Parcours/C2A.html,0
CALVEN,Jean-Philippe,France,CLJ,Parcours/CLJ.html,0
CAMERON,malcolm,Australia,026,Parcours/026.html,0
CAMERON,Jason,USA,C2J,Parcours/C2J.html,0
CAMERON,Ernie,Canada,CNE,Parcours/CNE.html,0
CAMPBELL,Thomas,USA,CLT,Parcours/CLT.html,0
CAMPBELL,John,USA,0LJ,Parcours/0LJ.html,0
CAMPEN,Andrew,UK,02A,Parcours/02A.html,0
CAMPFIELD,Michael R,USA,CDM,Parcours/CDM.html,0
CANEVESE,Alessandro,Italy,CEN,Parcours/CEN.html,0
CANN,Al,USA,CN1,Parcours/CN1.html,0
CANN,Jim,USA,CN7,Parcours/CN7.html,0
CANNON,Devin,USA,CND,Parcours/CND.html,0
CAPUTO,Piergiorgio,Italy,COI,Parcours/COI.html,0
CARBONIE,Toni,Spain,CET,Parcours/CET.html,0
CARDENAS,Daniel,Spain,C1D,Parcours/C1D.html,0
CAREY,Sam,USA,0Y1,Parcours/0Y1.html,0
CARIAGA,Dade,USA,CA7,Parcours/CA7.html,0
CARIOLATO,Paolo,Italy,COA,Parcours/COA.html,0
CARLSSON,Andreas,Sweden,CNA,Parcours/CNA.html,0
CARMOUCHE,Paul,USA,C8P,Parcours/C8P.html,0
CARPER,Jon,USA,C3J,Parcours/C3J.html,0
CARROLL,Bill,USA,CLW,Parcours/CLW.html,0
CARSLAW,Billy,UK,CWB,Parcours/CWB.html,0
CARSON,Bruce,USA,CNB,Parcours/CNB.html,0
CARTER,Matt,Canada,C36,Parcours/C36.html,0
CARTER,Mark,USA,CRM,Parcours/CRM.html,0
CARTER,Rick,USA,C33,Parcours/C33.html,0
CARTER,Shaun,UK,CRS,Parcours/CRS.html,0
CARTER,Nick,UK,CRN,Parcours/CRN.html,0
CARTER,Race,USA,CRR,Parcours/CRR.html,0
CASAGRANDA,Roy,USA,CAR,Parcours/CAR.html,0
CASE,Paul,UK,CEP,Parcours/CEP.html,0
CASEY,Davidson,USA,CYD,Parcours/CYD.html,0
CASTELLANA,Chris,USA,CA0,Parcours/CA0.html,0
CASTELLà,Manuel,Spain,CAM,Parcours/CAM.html,0
CASTEN,Chris,USA,0N0,Parcours/0N0.html,0
CATANI,Gabriele,Italy,CIG,Parcours/CIG.html,0
CATANZARO,Enrico,Italy,COE,Parcours/COE.html,0
CAUBLE,Bill,USA,CEW,Parcours/CEW.html,0
CEBRIAN,Juan-Carlos,Spain,CNJ,Parcours/CNJ.html,0
CEBULA,Jeff,USA,CAE,Parcours/CAE.html,0
CELEBUSKI,Joe,USA,CIJ,Parcours/CIJ.html,0
CERDAN,P,Spain,CNP,Parcours/CNP.html,0
CERESA,Luca,Italy,CAC,Parcours/CAC.html,0
CHABOT,Alain,Canada,CTA,Parcours/CTA.html,0
CHADWICK,Joe,USA,CDO,Parcours/CDO.html,0
CHAMBERLAND,Paul,USA,CDP,Parcours/CDP.html,0
CHAMONTIN,Nicolas,France,C22,Parcours/C22.html,0
CHANEY,Guy,USA,CYG,Parcours/CYG.html,0
CHAPMAN,Chris,USA,CNC,Parcours/CNC.html,0
CHAZOTTES,Eric,France,CSE,Parcours/CSE.html,0
CHENG,David,USA,CGD,Parcours/CGD.html,0
CHEUNG,Lurk,China,CGL,Parcours/CGL.html,0
CHICOINE,Paul,USA,CE1,Parcours/CE1.html,0
CHILDS,Bruce,USA,CSB,Parcours/CSB.html,0
CHU,Christopher,China,CUC,Parcours/CUC.html,0
CHURCH,Simon,UK,CHS,Parcours/CHS.html,0
CICERO,Matthew,USA,COM,Parcours/COM.html,0
CILLUFFO,Pierre-Jean,France,COP,Parcours/COP.html,0
CIRILLO,Bill,USA,COW,Parcours/COW.html,0
CIRRINCIONE,Michael,USA,C86,Parcours/C86.html,0
CISA,Enric,Spain,CA8,Parcours/CA8.html,0
CLAMOUR,Brice,France,03B,Parcours/03B.html,0
CLARK,Mick,USA,CKM,Parcours/CKM.html,0
CLARK,Brendan,UK,CKB,Parcours/CKB.html,0
CLARKE,Andy,USA,CED,Parcours/CED.html,0
CLEAVIN,Aaron,New Zealand,CNN,Parcours/CNN.html,0
CLEVENGER,Don,USA,C3D,Parcours/C3D.html,0
CLOSIER,Laurent,France,CRL,Parcours/CRL.html,0
CMELAK,Jim,USA,CKJ,Parcours/CKJ.html,0
COADY,Thomas,USA,CYT,Parcours/CYT.html,0
COCHRAN,Scott,USA,CNS,Parcours/CNS.html,0
COCHRANE,Andrew,UK,C8A,Parcours/C8A.html,0
COCKS,Steve,UK,CSS,Parcours/CSS.html,0
CODINA,Francesc,Spain,FAC,Parcours/FAC.html,0
COLE,Jon,Australia,CE3,Parcours/CE3.html,0
COLIN,Lionel,France,C2L,Parcours/C2L.html,0
COLLAMER,Brian,USA,C3B,Parcours/C3B.html,0
COLLEN,Mattias,Sweden,C2M,Parcours/C2M.html,0
COLOSIMO,Massimiliano,Italy,C06,Parcours/C06.html,0
CONFORTI,Leonardo,Italy,CIL,Parcours/CIL.html,0
CONKLIN,Mike,USA,CN4,Parcours/CN4.html,0
CONLEY,Kevin,USA,C5K,Parcours/C5K.html,0
CONNELLY,Roy,USA,CY1,Parcours/CY1.html,0
CONNER,Lee,USA,CRE,Parcours/CRE.html,0
CONTRERAS,José,Spain,CSJ,Parcours/CSJ.html,0
COOK,Walt,USA,CKW,Parcours/CKW.html,0
COOK,Steve,UK,CKS,Parcours/CKS.html,0
COOPER,Steve,Canada,C31,Parcours/C31.html,0
COOPER,Stuart,Canada,0R1,Parcours/0R1.html,0
COPELAND,Bill,usa,CDB,Parcours/CDB.html,0
CORIASCO,Sandro,Italy,COS,Parcours/COS.html,0
CORNEILLE,Mike,USA,CEM,Parcours/CEM.html,0
CORNWELL,Richard,Australia,CLR,Parcours/CLR.html,0
CORRADINI,Claudio,Italy,CIC,Parcours/CIC.html,0
CORRIGAN,Eoin,Ireland,C2E,Parcours/C2E.html,0
CORSO,Federico,Italy,COF,Parcours/COF.html,0
COUPé,Laurent,France,CEL,Parcours/CEL.html,0
COVEY,Joel,USA,0YJ,Parcours/0YJ.html,0
COWARD,Geoff,USA,C7G,Parcours/C7G.html,0
COX,Derek,UK,CXD,Parcours/CXD.html,0
COYLE,Jeff,USA,CEJ,Parcours/CEJ.html,0
CRATER,Zeke,USA,CRZ,Parcours/CRZ.html,0
CRAWFORD,Brent,USA,C7B,Parcours/C7B.html,0
CREUTZ,Dave,USA,CZD,Parcours/CZD.html,0
CRIBBS,Jamie,USA,C1J,Parcours/C1J.html,0
CRISTENSEN,Flemming Scott,Denmark,CNF,Parcours/CNF.html,0
CROOME,Simon,UK,CES,Parcours/CES.html,0
CROSKERY,Kevin,UK,CYK,Parcours/CYK.html,0
CROUCH,Mark,USA,CHM,Parcours/CHM.html,0
CROWE,Richie,USA,CER,Parcours/CER.html,0
CUCCURULLO,Stefano,Italy,CO1,Parcours/CO1.html,0
CUESTA,Javier,Spain,CAJ,Parcours/CAJ.html,0
CULLEN,Andrew,USA,CN5,Parcours/CN5.html,0
CUMMINGS,Steve,USA,C11,Parcours/C11.html,0
CUMMINS,Chad,usa,CSC,Parcours/CSC.html,0
CUNEGO,Alessandro,Italy,COL,Parcours/COL.html,0
CUNIN,Laurent,France,CNL,Parcours/CNL.html,0
CUNNINGHAM,Dan,USA,CMD,Parcours/CMD.html,0
CURRY,Russ,USA,CYR,Parcours/CYR.html,0
CURTIS,Dick,USA,CS1,Parcours/CS1.html,0
CURTIS,Bill,USA,CSW,Parcours/CSW.html,0
CURZI,Stefano,Italy,CIS,Parcours/CIS.html,0
CUSTER,Don,USA,CRD,Parcours/CRD.html,0
CVETINOVICH,Tom,USA,CHT,Parcours/CHT.html,0
DA FORNO,Roberto,Italy,DOR,Parcours/DOR.html,0
DA PRA,Fabrizio,Italy,DAU,Parcours/DAU.html,0
DAGERHäLL,Matts,Sweden,DLM,Parcours/DLM.html,0
DAGNALL,Richard,UK,DLR,Parcours/DLR.html,0
DALE,Raurigh,UK,DER,Parcours/DER.html,0
DALE,Patrick,UK,DEP,Parcours/DEP.html,0
DALLAIRE,Luc,USA,7EL,Parcours/7EL.html,0
DALLY,Dave,USA,DYD,Parcours/DYD.html,0
DANDO,Andrew,UK,DOA,Parcours/DOA.html,0
DANIEL,Michael,USA,DLI,Parcours/DLI.html,0
DANIEL,Fred,USA,DLF,Parcours/DLF.html,0
DANIELS,Jack,USA,DS2,Parcours/DS2.html,0
DARBOE,Lars R.,Denmark,78L,Parcours/78L.html,0
DARLING,Carl,Canada,DGC,Parcours/DGC.html,0
DASSEL,David,France,DLD,Parcours/DLD.html,0
DASSEVILLE,Jean-Pierre,Belgium,DEJ,Parcours/DEJ.html,0
DAUBIGNY,Bertrand,France,DYB,Parcours/DYB.html,0
DAUGHERTY,Christian,USA,DYS,Parcours/DYS.html,0
DAUGHETY,Ken,USA,DYK,Parcours/DYK.html,0
DAUPHINAIS,Jim,USA,7SJ,Parcours/7SJ.html,0
DAVIDSSON,Tomas,Sweden,DNT,Parcours/DNT.html,0
DAVIES,Michael,UK,DSM,Parcours/DSM.html,0
DAVIES,Lawrence,USA,DSL,Parcours/DSL.html,0
DAVILA,Robert,USA,DAR,Parcours/DAR.html,0
DAVIS,Jon,USA,DSJ,Parcours/DSJ.html,0
DAVIS,Al,USA,71A,Parcours/71A.html,0
DAVIS,Greg,USA,DSG,Parcours/DSG.html,0
DAVIS,Bob,USA,DSR,Parcours/DSR.html,0
DAWE,Joe,USA,78J,Parcours/78J.html,0
DAWSON,Ron,USA,DNR,Parcours/DNR.html,0
DAWSON,Jim,USA,DNJ,Parcours/DNJ.html,0
DAYCO,Benji,Philippines,DOB,Parcours/DOB.html,0
DE MICHELIS,Alessandro,Italy,7SA,Parcours/7SA.html,0
DE VRIES,Mark,USA,DSA,Parcours/DSA.html,0
DE WAARD,Raymond,Netherlands,WDR,Parcours/WDR.html,0
DE WITT,Manu,Belgium,DTM,Parcours/DTM.html,0
DEANE,Tim,USA,DET,Parcours/DET.html,0
DEBRAAL,Jeff,USA,DLJ,Parcours/DLJ.html,0
DECALLONNE,Olivier,France,DEO,Parcours/DEO.html,0
DECROLIER,Guy,Belgium,DRG,Parcours/DRG.html,0
DEJEAN,Cédric,France,DNC,Parcours/DNC.html,0
DEKKER,Albrecht,Netherlands,DRA,Parcours/DRA.html,0
DEL GIACCO,Ian,USA,DOI,Parcours/DOI.html,0
DEL GIACCO,Eric,USA,DOE,Parcours/DOE.html,0
DELAURA,Norman,USA,DAN,Parcours/DAN.html,0
DELLER,Sean,USA,DRS,Parcours/DRS.html,0
DELWOOD,Robert,USA,DDR,Parcours/DDR.html,0
DEMORRIS,Will,USA,DSW,Parcours/DSW.html,0
DEMOSS,Doug,USA,DSD,Parcours/DSD.html,0
DENIAUD,Gregory,France,77G,Parcours/77G.html,0
DENNER,Kevin,USA,DRK,Parcours/DRK.html,0
DENNIS,Neil,USA,DSN,Parcours/DSN.html,0
DENNIS,Steve,USA,DSS,Parcours/DSS.html,0
DENSON,Mike,USA,DNM,Parcours/DNM.html,0
DEPPE,Armin,Germany,DEA,Parcours/DEA.html,0
DERESINSKI,David,USA,DID,Parcours/DID.html,0
DESANOIS,Emmanuel,France,DSE,Parcours/DSE.html,0
DESCHMIDT,T.,Belgium,DTT,Parcours/DTT.html,0
DESROSIERS,Steve,USA,DS1,Parcours/DS1.html,0
DETHLEFSEN,Steve,USA,DNE,Parcours/DNE.html,0
DEVINE,Joe,USA,DE3,Parcours/DE3.html,0
DEWAELE,Hervé,France,DEH,Parcours/DEH.html,0
DEWHURST,Russell,USA,DTR,Parcours/DTR.html,0
DEYOUNG,Jeff,USA,DGJ,Parcours/DGJ.html,0
DIBBEN,Jeremy,Australia,D2J,Parcours/D2J.html,0
DIBBEN,Luke,Australia,DNL,Parcours/DNL.html,0
DIETRICH,John,USA,DHJ,Parcours/DHJ.html,0
DIETSCH,Olivier,France,DHO,Parcours/DHO.html,0
DIONNE,Jack,Canada,7EJ,Parcours/7EJ.html,0
DOARY,Chris,Canada,DYC,Parcours/DYC.html,0
DOARY,Helen,USA,DYH,Parcours/DYH.html,0
DOBA,Serge,France,DAS,Parcours/DAS.html,0
DOBBER,John,USA,DRJ,Parcours/DRJ.html,0
DOBBS,Trent,USA,DST,Parcours/DST.html,0
DOLAN,Dan,USA,DN1,Parcours/DN1.html,0
DOMOVIC,Rich,USA,DHR,Parcours/DHR.html,0
DONDé,Lionel,France,DEL,Parcours/DEL.html,0
DONIGIAN,Jeff,USA,72J,Parcours/72J.html,0
DONOVAN,Dennis,USA,D2D,Parcours/D2D.html,0
DOOLAEGHE,Björn,Belgium,7EB,Parcours/7EB.html,0
DOROSH,Michael,Canada,DHM,Parcours/DHM.html,0
DORRE,Bill,USA,DEB,Parcours/DEB.html,0
DOW,John,USA,DWJ,Parcours/DWJ.html,0
DOWD,Dennis,USA,DDD,Parcours/DDD.html,0
DOWNING,Hugh,UK,DGH,Parcours/DGH.html,0
DOYLE,Zeb,USA,DEZ,Parcours/DEZ.html,0
DRANE,Scott,USA,DES,Parcours/DES.html,0
DRAPER,Phil,UK,DRP,Parcours/DRP.html,0
DRIEU,Benjamin,France,DUB,Parcours/DUB.html,0
DRINKWATER,Nick,USA,DRN,Parcours/DRN.html,0
DUCAS,Billy,USA,D1W,Parcours/D1W.html,0
DUENSKIE,Ron,USA,DE2,Parcours/DE2.html,0
DUKE,Randy,Canada,7ER,Parcours/7ER.html,0
DUKE,Steven,USA,7E1,Parcours/7E1.html,0
DUMONT,Patrick,France,DTP,Parcours/DTP.html,0
DUNN,Ken,USA,DNK,Parcours/DNK.html,0
DUNN,Derek,USA,DND,Parcours/DND.html,0
DUPUIS,Jean-Christophe,France,D1J,Parcours/D1J.html,0
DUPUIS,Dominique,France,D1D,Parcours/D1D.html,0
DUSKIN,Derek,USA,7N7,Parcours/7N7.html,0
DYE,Charles,USA,78C,Parcours/78C.html,0
DYE,Chuck,USA,DEC,Parcours/DEC.html,0
EARDLEY,Walter,USA,EYW,Parcours/EYW.html,0
EARLE,Adrian,Canada,EEA,Parcours/EEA.html,0
EARLL,Bryan,USA,ELB,Parcours/ELB.html,0
EARLS,Bruce,USA,E1B,Parcours/E1B.html,0
EBURNE,Bob,UK,EEB,Parcours/EEB.html,0
ECKHART,Steve,USA,ETS,Parcours/ETS.html,0
ECKHART,Alex,USA,ETA,Parcours/ETA.html,0
EDWARDS,Trevor,UK,EST,Parcours/EST.html,0
EDWARDS,Corey,USA,ESO,Parcours/ESO.html,0
EDWARDS,Chris,USA,ESC,Parcours/ESC.html,0
EICKMANN,Jason,USA,ENJ,Parcours/ENJ.html,0
EIFRIG,Fritz,USA,EGF,Parcours/EGF.html,0
EINEVIK,Janne,Sweden,EKJ,Parcours/EKJ.html,0
EISNER,Mike,USA,ERM,Parcours/ERM.html,0
EL-FARRA,Nadir,USA,EAN,Parcours/EAN.html,0
ELIASSON,Tobias,Sweden,ENT,Parcours/ENT.html,0
ELIOTT,Steve,USA,4TS,Parcours/4TS.html,0
ELLETT,Ryan,USA,ETR,Parcours/ETR.html,0
ELLIS,Matthew,UK,E1M,Parcours/E1M.html,0
ELWELL,Jay,USA,ELJ,Parcours/ELJ.html,0
EMBERTON,Zack,USA,ENZ,Parcours/ENZ.html,0
EMERSON,Colin,Canada,ENC,Parcours/ENC.html,0
EMIG,Ken,USA,EGK,Parcours/EGK.html,0
ERSKINE,Mike,Canada,EEM,Parcours/EEM.html,0
ESCOBEDO,André,Canada,EOA,Parcours/EOA.html,0
ESCUYER,Franck,France,ERF,Parcours/ERF.html,0
ESPANO,Ivan,Spain,EOI,Parcours/EOI.html,0
ESPARZA,Robert,USA,EAR,Parcours/EAR.html,0
ESSEX,Michael,UK,EXM,Parcours/EXM.html,0
ESTEBAN,vicente,Spain,ENV,Parcours/ENV.html,0
ETTLEMAN,Shawn,USA,ENS,Parcours/ENS.html,0
ETZELMUELLER,Steve,USA,ERS,Parcours/ERS.html,0
EURY,Bob,USA,EYR,Parcours/EYR.html,0
EVANS,Mark,USA,ES2,Parcours/ES2.html,0
EVANS,Matt,USA,81M,Parcours/81M.html,0
EVANS,Gareth,UK,ESG,Parcours/ESG.html,0
EVENSON,Allen,USA,ENA,Parcours/ENA.html,0
EVES,Jackie,UK,ESJ,Parcours/ESJ.html,0
EVICH,Jeff,USA,ECJ,Parcours/ECJ.html,0
EWERS,Fredrik,Sweden,ESF,Parcours/ESF.html,0
FABBRO,Rob,Canada,FOR,Parcours/FOR.html,0
FABRE,Guillaume,France,FEG,Parcours/FEG.html,0
FAGO,Carl,USA,FOC,Parcours/FOC.html,0
FAIREN,Jordi,Spain,FNJ,Parcours/FNJ.html,0
FAJARIT,Ronald,USA,FTR,Parcours/FTR.html,0
FALK,Melvin,Sweden,FKM,Parcours/FKM.html,0
FANCHER,Seth,USA,FRE,Parcours/FRE.html,0
FANTOZZI,Andrea,Italy,FIA,Parcours/FIA.html,0
FARDETTE,Jim,Germany,FEJ,Parcours/FEJ.html,0
FARLAY,Frederic,France,FYF,Parcours/FYF.html,0
FARRELL,Chris,USA,FLC,Parcours/FLC.html,0
FARRIS,John,USA,FS1,Parcours/FS1.html,0
FAULK,Scott,USA,FKS,Parcours/FKS.html,0
FAULKNER,Michael,usa,FRM,Parcours/FRM.html,0
FAYE-WEVLE,Max,Sweden,FEM,Parcours/FEM.html,0
FEHRENBACHER,Steve,USA,F33,Parcours/F33.html,0
FEINSTEIN,Robert,USA,FNR,Parcours/FNR.html,0
FERGUSON,Eric,Australia,FN1,Parcours/FN1.html,0
FERNANDEZ,German,Spain,FZG,Parcours/FZG.html,0
FERNANDEZ,Marco,Spain,FZM,Parcours/FZM.html,0
FERNANDEZ,Oscar,Germany,FZO,Parcours/FZO.html,0
FERNANDEZ,Carlos,Spain,FZC,Parcours/FZC.html,0
FERRANDIS,Pedro J.,Spain,FSP,Parcours/FSP.html,0
FERRARI,Ralph,USA,FIR,Parcours/FIR.html,0
FERRARI,Nando,Italy,FIN,Parcours/FIN.html,0
FERRARO,Laurent,France,FOL,Parcours/FOL.html,0
FERRARO,Paul,USA,FOP,Parcours/FOP.html,0
FERREIRA,Paulo,Portugal,FAP,Parcours/FAP.html,0
FERREIRA,Joao,Portugal,FAJ,Parcours/FAJ.html,0
FERRELL,Jim,USA,FLJ,Parcours/FLJ.html,0
FERRY,Raphaël,France,FY3,Parcours/FY3.html,0
FIEDLER,Stefan,Sweden,FRS,Parcours/FRS.html,0
FISCHBEIN,scott,USA,FNS,Parcours/FNS.html,0
FISCHER,Lyle,USA,FRL,Parcours/FRL.html,0
FISCHER,Mark,USA,F36,Parcours/F36.html,0
FISCHER,Klaus,Germany,FRK,Parcours/FRK.html,0
FISCHER MADSEN,Morten,Denmark,FNM,Parcours/FNM.html,0
FISHER,Karl,USA,F3K,Parcours/F3K.html,0
FITCH,Doug,USA,FHD,Parcours/FHD.html,0
FITO HERNANDEZ,Juan Diego,Spain,FO4,Parcours/FO4.html,0
FLAHERTY,Larry,USA,FYL,Parcours/FYL.html,0
FLAHERTY,Martin,USA,FYM,Parcours/FYM.html,0
FLANAGAN,Anthony,USA,FNN,Parcours/FNN.html,0
FLEMING,Will,USA,FGW,Parcours/FGW.html,0
FLEURY,Christopher,USA,FYC,Parcours/FYC.html,0
FLICKER,Steve,USA,FRT,Parcours/FRT.html,0
FOCHT,Michael,USA,FTM,Parcours/FTM.html,0
FORD,Brent,USA,FDB,Parcours/FDB.html,0
FOREST,Laurent,France,FTL,Parcours/FTL.html,0
FORG,Bill,USA,FGB,Parcours/FGB.html,0
FORG,Will,USA,FG9,Parcours/FG9.html,0
FORS,David (was NYGREN),Sweden,NND,Parcours/NND.html,0
FORTENBERRY,Gary,USA,FYG,Parcours/FYG.html,0
FORTIN,Jean-François,Canada,F24,Parcours/F24.html,0
FOSS,Scott,USA,FSS,Parcours/FSS.html,0
FOX,Burnie,USA,FXB,Parcours/FXB.html,0
FOX,Robert,USA,FXR,Parcours/FXR.html,0
FRANCO,Juan,USA,7OJ,Parcours/7OJ.html,0
FRANKLIN-BIHARY,Paul,USA,FNP,Parcours/FNP.html,0
FRANSON,Jeff,USA,F20,Parcours/F20.html,0
FRANSSON,Jan,Sweden,F2J,Parcours/F2J.html,0
FRASER,Earl,USA,F3E,Parcours/F3E.html,0
FREEDMAN,Alan,USA,F2A,Parcours/F2A.html,0
FRESNAIS,Jean-Christophe,France,FSJ,Parcours/FSJ.html,0
FRETTLOHR,Herman,usa,FRH,Parcours/FRH.html,0
FRISS NIELSEN,Carl Alex,Denmark,FNC,Parcours/FNC.html,0
FRITZ,Ed Jr.,USA,FZJ,Parcours/FZJ.html,0
FRITZ,Ed,USA,FZE,Parcours/FZE.html,0
FRUM,Steven,USA,FMS,Parcours/FMS.html,0
FRöDING,Johan,Sweden,FGJ,Parcours/FGJ.html,0
FULCHER,Rich,USA,FRR,Parcours/FRR.html,0
FURNELL,Mark,UK,FLM,Parcours/FLM.html,0
GAGNE,Patrick,Canada,GEP,Parcours/GEP.html,0
GAINS,James,USA,GSJ,Parcours/GSJ.html,0
GALAN,David,Spain,GNA,Parcours/GNA.html,0
GALANDIUK,Mike,USA,GKM,Parcours/GKM.html,0
GALICA,Anthony,USA,GAL,Parcours/GAL.html,0
GALLANT,Gerry,Canada,GTG,Parcours/GTG.html,0
GALLANT,Emery,USA,G4E,Parcours/G4E.html,0
GALLO,Martin,USA,GO6,Parcours/GO6.html,0
GAMBIN,Gérard,France,GNG,Parcours/GNG.html,0
GANNAWAY,Mike,Australia,GYM,Parcours/GYM.html,0
GARCIA,Carlos J.,Spain,GAC,Parcours/GAC.html,0
GARCIA,Alejandro,Spain,3AA,Parcours/3AA.html,0
GARCIA SILVA,Pablo,Chile,GAP,Parcours/GAP.html,0
GARDINER,Ivor,South Africa,GRI,Parcours/GRI.html,0
GARDING,Bud,USA,GGB,Parcours/GGB.html,0
GARLIC,John,USA,GCJ,Parcours/GCJ.html,0
GARLINGTON,Randy,USA,G2R,Parcours/G2R.html,0
GARRETT,Chris,USA,GTC,Parcours/GTC.html,0
GARVEY,Steve,USA,GYS,Parcours/GYS.html,0
GARVIN,David,Canada,G2D,Parcours/G2D.html,0
GAUEMAN,Ian,UK,G2I,Parcours/G2I.html,0
GAUGHAN,Ian,UK,G3I,Parcours/G3I.html,0
GEISSLER,Gordon,USA,G3G,Parcours/G3G.html,0
GENBERG,Marc,USA,GGM,Parcours/GGM.html,0
GEORGE,Greg,USA,GEG,Parcours/GEG.html,0
GERAGHTY,Sean,USA,GY1,Parcours/GY1.html,0
GERSTENBERG,Eric,UK,GGE,Parcours/GGE.html,0
GESER,Conny,Sweden,GRC,Parcours/GRC.html,0
GIANCOLA,Oliver,USA,GAO,Parcours/GAO.html,0
GIARONI,Edoardo,Italy,GIE,Parcours/GIE.html,0
GIBSON,Tony,UK,GNT,Parcours/GNT.html,0
GIESE,Henrik,Sweden,GEH,Parcours/GEH.html,0
GIFFORD,Russ,USA,GDR,Parcours/GDR.html,0
GILBERT,Josh,Canada,GTJ,Parcours/GTJ.html,0
GILBERT,Del,USA,GTD,Parcours/GTD.html,0
GILCHRIST,Mike,USA,GTM,Parcours/GTM.html,0
GILLIES,David,USA,G1D,Parcours/G1D.html,0
GILLIS,Tom,USA,GST,Parcours/GST.html,0
GILLIS,Robert,USA,GSR,Parcours/GSR.html,0
GINNARD,Dave,USA,GDD,Parcours/GDD.html,0
GINNARD,Paul,USA,GDP,Parcours/GDP.html,0
GIOMBINI,Stefano,Italy,GIS,Parcours/GIS.html,0
GIVLER,Eric,USA,GRE,Parcours/GRE.html,0
GLESING,Randy,USA,GGA,Parcours/GGA.html,0
GOCHINSKI,Joseph,USA,GIO,Parcours/GIO.html,0
GODEL,Bernhard,Germany,GLB,Parcours/GLB.html,0
GOETZMANN,Arnaud,France,G2A,Parcours/G2A.html,0
GOHEEN,Rick,USA,GN2,Parcours/GN2.html,0
GOLDGORIN,Mario,USA,G26,Parcours/G26.html,0
GOLDMAN,David,USA,GNI,Parcours/GNI.html,0
GOLLING,Franck,France,GGF,Parcours/GGF.html,0
GONZALEZ,Eduard,Spain,GZE,Parcours/GZE.html,0
GONZALEZ ROMERO,Angel,Spain,GZA,Parcours/GZA.html,0
GORJANC,Kurt,Austria,GCK,Parcours/GCK.html,0
GOTERI,Massimo,Italy,GIM,Parcours/GIM.html,0
GOTTCHEINER,Alain,Belgium,GRA,Parcours/GRA.html,0
GOUGH,Russell,UK,GHR,Parcours/GHR.html,0
GOUR,Darren,USA,GRD,Parcours/GRD.html,0
GOUREAU,Camille,France,GUC,Parcours/GUC.html,0
GRACIET,Stéphane,France,GTS,Parcours/GTS.html,0
GRAHAM,Bob,USA,GMR,Parcours/GMR.html,0
GRAHAM,Voss,USA,GMV,Parcours/GMV.html,0
GRANATA,Enrico,Italy,GAE,Parcours/GAE.html,0
GRANDCLéMENT,Philippe,France,GTP,Parcours/GTP.html,0
GRANVILLE,Tycho,USA,GET,Parcours/GET.html,0
GRAVES,Kevin,USA,GSK,Parcours/GSK.html,0
GRAY,Terry,USA,GYT,Parcours/GYT.html,0
GRAY,Oliver,UK,GYO,Parcours/GYO.html,0
GREEN,Matt,USA,G2M,Parcours/G2M.html,0
GREGORSON,Lars-Robert,Sweden,GNL,Parcours/GNL.html,0
GREGORSON,Lars Robert,Sweden,SDL,Parcours/SDL.html,0
GRENON,Dave,USA,G27,Parcours/G27.html,0
GRIES,Doug,USA,GSD,Parcours/GSD.html,0
GRIFFA,Alberto,USA,5AA,Parcours/5AA.html,0
GRIFFITHS,Kendall,USA,G1K,Parcours/G1K.html,0
GROSSHOLDERMANN,Rudi,Germany,GNR,Parcours/GNR.html,0
GUASTALEGNAME,Gabriele,Italy,G8G,Parcours/G8G.html,0
GUERIN,Kevin,USA,GNK,Parcours/GNK.html,0
GUERRERO,Miguel,Spain,GOM,Parcours/GOM.html,0
GUETTIER,Renaud,France,GRR,Parcours/GRR.html,0
GUILLEMONT,Frédéric,France,GTF,Parcours/GTF.html,0
GUILLOU-KEREDAN,Bertrand,France,GNB,Parcours/GNB.html,0
GUINARD,Cyril,France,GDC,Parcours/GDC.html,0
GUSTAFSSON,Olle,Sweden,GNO,Parcours/GNO.html,0
GUSTAFSSON,Johannes,Sweden,GNJ,Parcours/GNJ.html,0
GYNNESTAM,Patrik,Sweden,GMP,Parcours/GMP.html,0
GöRRES,Guido,Germany,GOS,Parcours/GOS.html,0
HAAS,Mat,UK,HSM,Parcours/HSM.html,0
HAAS,John E.,usa,HSJ,Parcours/HSJ.html,0
HAASL,david,USA,HLD,Parcours/HLD.html,0
HACHIN,Gaëtan,France,HMG,Parcours/HMG.html,0
HACK,Ed,USA,HKE,Parcours/HKE.html,0
HADADY,Wayne,usa,HYW,Parcours/HYW.html,0
HADDEN,Rick,USA,H2R,Parcours/H2R.html,0
HAGER,Bob,USA,HRR,Parcours/HRR.html,0
HAGGERTY,Frank,USA,HYF,Parcours/HYF.html,0
HAILEY,David,USA,HY1,Parcours/HY1.html,0
HAKIM,Gilles,France,HMI,Parcours/HMI.html,0
HALEY,Rick,USA,HYR,Parcours/HYR.html,0
HALEY,Alan,USA,HY3,Parcours/HY3.html,0
HALL,Russ,USA,HLR,Parcours/HLR.html,0
HALL,Dave,Canada,HL7,Parcours/HL7.html,0
HALLGREN,Fredrik,Sweden,HNE,Parcours/HNE.html,0
HALSøR,Marius,Norway,HRS,Parcours/HRS.html,0
HALVORSEN,Bjørn,Norway,HNO,Parcours/HNO.html,0
HAMILTON,Charlie,USA,HNL,Parcours/HNL.html,0
HAMILTON,Charles,USA,H2L,Parcours/H2L.html,0
HAMMOND,Charles,USA,H7C,Parcours/H7C.html,0
HAMMOND,Robert,USA,HD3,Parcours/HD3.html,0
HAMMOND,Mike,USA,HDI,Parcours/HDI.html,0
HAMMOND,Chuck,USA,HD1,Parcours/HD1.html,0
HAMPEL,Ken,USA,HLK,Parcours/HLK.html,0
HAMPSON,Brad,USA,H2B,Parcours/H2B.html,0
HANCOCK,Don,USA,HKD,Parcours/HKD.html,0
HANNA,Marc,USA,HA6,Parcours/HA6.html,0
HANNON,Frédéric,France,HNF,Parcours/HNF.html,0
HANSEN,David,USA,HND,Parcours/HND.html,0
HANSEN,Ray,USA,H23,Parcours/H23.html,0
HANSON,William,Denmark,HNW,Parcours/HNW.html,0
HANSSON,Frederik,Sweden,H2F,Parcours/H2F.html,0
HARDIE,H,USA,HE,Parcours/HE.html,0
HARDIMAN,Francis,USA,02F,Parcours/02F.html,0
HARDWAY,Robert,USA,H5R,Parcours/H5R.html,0
HARE,Cliff,USA,H80,Parcours/H80.html,0
HARJO,Thomas,Norway,HOT,Parcours/HOT.html,0
HARMON,Steve,USA,H2S,Parcours/H2S.html,0
HARMS,Jay,USA,HS1,Parcours/HS1.html,0
HARMS,Mark,USA,116,Parcours/116.html,0
HARPER,Sam,Canada,HR1,Parcours/HR1.html,0
HARPER,Tom,USA,HRT,Parcours/HRT.html,0
HARRIS,Nelson,USA,HSN,Parcours/HSN.html,0
HARRIS,Rock,USA,H13,Parcours/H13.html,0
HARRISSON,Chris,Norway,HN6,Parcours/HN6.html,0
HART,Paul,USA,HTP,Parcours/HTP.html,0
HARVIALA,Mika,USA,HAM,Parcours/HAM.html,0
HASELER,Paul,Australia,HRP,Parcours/HRP.html,0
HASSLER,David,USA,HRD,Parcours/HRD.html,0
HASSON,Scott,USA,621,Parcours/621.html,0
HASTRUP-LETH,Michael,Denmark,HHM,Parcours/HHM.html,0
HATFIELD,Malcolm,UK,HDM,Parcours/HDM.html,0
HAUGEN,Dave,USA,H27,Parcours/H27.html,0
HAUGHEY,John,USA,H5J,Parcours/H5J.html,0
HAYES,Robert,USA,HSR,Parcours/HSR.html,0
HAYWARD,Bill,USA,HDB,Parcours/HDB.html,0
HEDBERG,Björn,Sweden,HGB,Parcours/HGB.html,0
HEDIN,Ronny,Sweden,HNR,Parcours/HNR.html,0
HEGDAHL,Burnie,USA,HL1,Parcours/HL1.html,0
HEIE,Olav,Norway,HEO,Parcours/HEO.html,0
HEMMINGSEN,Michael,Denmark,HNM,Parcours/HNM.html,0
HENIGE,Keith,USA,HEK,Parcours/HEK.html,0
HENNION,David,France,H2D,Parcours/H2D.html,0
HENZE,Sam,USA,HZS,Parcours/HZS.html,0
HERBELLEAU,Joël,France,HUJ,Parcours/HUJ.html,0
HERDE,Christian,Germany,HEC,Parcours/HEC.html,0
HERSHEY,Michael D.,USA,HY2,Parcours/HY2.html,0
HERSHEY,Andy,USA,HYA,Parcours/HYA.html,0
HESSLER,Harold,USA,HRH,Parcours/HRH.html,0
HESSLUND,Jonas,Sweden,HDJ,Parcours/HDJ.html,0
HICKS,Martin,Canada,H16,Parcours/H16.html,0
HICKS,Steve,USA,HSS,Parcours/HSS.html,0
HILDEBRAN,Bret,USA,HNB,Parcours/HNB.html,0
HILDEBRANDT,Alan,Canada,HTA,Parcours/HTA.html,0
HILL,keith,USA,HLE,Parcours/HLE.html,0
HILL,M. Rowland,USA,HLM,Parcours/HLM.html,0
HILLEBRAND,Stephan,USA,HDS,Parcours/HDS.html,0
HILLHOUSE,Len,USA,HEL,Parcours/HEL.html,0
HINDSBERGER,Magnus,Denmark,HRM,Parcours/HRM.html,0
HINZ,Andreas,Norway,HZA,Parcours/HZA.html,0
HIVELY,Todd,USA,HYT,Parcours/HYT.html,0
HJELME,Morten,Norway,HEM,Parcours/HEM.html,0
HJORTSKOV,Keld,Denmark,HVK,Parcours/HVK.html,0
HO,Lawrence,China,HOL,Parcours/HOL.html,0
HODGMAN,Sean,Australia,H21,Parcours/H21.html,0
HODOT,Fabien,France,HTF,Parcours/HTF.html,0
HOFLAND,Peter,Netherlands,HDP,Parcours/HDP.html,0
HOFLAND,Chris,Netherlands,HDC,Parcours/HDC.html,0
HOLLAND,Don,USA,HDD,Parcours/HDD.html,0
HOLMBERG,Gene,USA,HGG,Parcours/HGG.html,0
HOLMES,CR,Canada,H1C,Parcours/H1C.html,0
HOLMSTROM,Bob,USA,HMB,Parcours/HMB.html,0
HOLMSTROM,Dale,USA,HMD,Parcours/HMD.html,0
HOLST,Scott,USA,HTS,Parcours/HTS.html,0
HOLT,Jim,USA,HTJ,Parcours/HTJ.html,0
HOLUB,Michael,USA,HBM,Parcours/HBM.html,0
HOMMET,Fabrice,France,H4F,Parcours/H4F.html,0
HOOPER,Brian,UK,HRB,Parcours/HRB.html,0
HOPLEY,Russell,USA,H53,Parcours/H53.html,0
HOPPER,Christopher,Sweden,HRC,Parcours/HRC.html,0
HORNBECK,Paul,USA,HKP,Parcours/HKP.html,0
HORNISH,Craig,USA,HHC,Parcours/HHC.html,0
HOSKINS,Seamus,USA,H11,Parcours/H11.html,0
HOSKINS,Andrew,USA,H1A,Parcours/H1A.html,0
HOULISTON,Craig,USA,HNI,Parcours/HNI.html,0
HOUMøLLER,Martin,Denmark,HRA,Parcours/HRA.html,0
HOUSEMAN,Glenn,USA,HNG,Parcours/HNG.html,0
HOUSEMAN,D.S.,USA,HN,Parcours/HN.html,0
HOUSEMAN,Scott,USA,HN1,Parcours/HN1.html,0
HOWARD,Andy,USA,HDA,Parcours/HDA.html,0
HOWARD,peter,Australia,H7P,Parcours/H7P.html,0
HOWARTH,Dave,USA,HHD,Parcours/HHD.html,0
HOWELL,Bernie,USA,HLB,Parcours/HLB.html,0
HOWELL,Clinton,USA,HLC,Parcours/HLC.html,0
HUBBARD,Greg,USA,HDR,Parcours/HDR.html,0
HUBLEY,Martin,UK,HYM,Parcours/HYM.html,0
HUET,Stéphane,France,HT1,Parcours/HT1.html,0
HUGUET,David,Spain,HTD,Parcours/HTD.html,0
HUME,Alan,UK,HEA,Parcours/HEA.html,0
HUMMEL,Sebastian,Germany,HLS,Parcours/HLS.html,0
HUMPHRIES,Mark,Philippines,H1M,Parcours/H1M.html,0
HUNDSDORFER,Tim,USA,H3T,Parcours/H3T.html,0
HUNT,Steve,UK,H41,Parcours/H41.html,0
HUNTER,Brad,Canada,H3B,Parcours/H3B.html,0
HUNTER,Jim,USA,H2J,Parcours/H2J.html,0
HUTCHENS,Ken,USA,HSK,Parcours/HSK.html,0
HUTTON,Tony,USA,HNT,Parcours/HNT.html,0
HYDE,Lee,UK,H8L,Parcours/H8L.html,0
HYLER,John,USA,HRJ,Parcours/HRJ.html,0
HYVäRINEN,Patrik,Sweden,HNP,Parcours/HNP.html,0
HYYRYNEN,Veikko,Finland,HNV,Parcours/HNV.html,0
HØGENHAUG,Ketil,Norway,HGK,Parcours/HGK.html,0
IRELAND,Patrick,USA,IDP,Parcours/IDP.html,0
ISAKSSON,Håkan,Sweden,INH,Parcours/INH.html,0
ISELLA,Stefano,Italy,IAS,Parcours/IAS.html,0
ISENSEE,Larry,USA,IEL,Parcours/IEL.html,0
ITAL,Jeff,USA,ILJ,Parcours/ILJ.html,0
IVES,Steve,USA,ISS,Parcours/ISS.html,0
IZZO,Mike,USA,IOM,Parcours/IOM.html,0
JACKSON,Stan,USA,JNS,Parcours/JNS.html,0
JACKSON,Tom,UK,JKN,Parcours/JKN.html,0
JACKSON,Joe,USA,JN3,Parcours/JN3.html,0
JACOBI,Stefan,UK,JIS,Parcours/JIS.html,0
JACOBSEN,Kåre,Denmark,42K,Parcours/42K.html,0
JACOBSON,Trent,USA,JN4,Parcours/JN4.html,0
JAEKEL,Richard,USA,JLR,Parcours/JLR.html,0
JANEZIK,Dan,USA,JKD,Parcours/JKD.html,0
JANOD,Nicolas,France,JDN,Parcours/JDN.html,0
JANSSEN,Philipp,Germany,J22,Parcours/J22.html,0
JASSAUD,Laurent,France,JDL,Parcours/JDL.html,0
JATHAN,Philippe,France,JNP,Parcours/JNP.html,0
JAUD,Jean-Christophe,France,JDJ,Parcours/JDJ.html,0
JAZBUTIS,Tom,USA,JSO,Parcours/JSO.html,0
JEFFREY,Peter,Australia,JYP,Parcours/JYP.html,0
JENNINGS,Lee,USA,JSL,Parcours/JSL.html,0
JENNINGS,Bill,USA,J1W,Parcours/J1W.html,0
JENNINGS,Ray,UK,JSR,Parcours/JSR.html,0
JENSEN,Rasmus Høyrup,Denmark,JNR,Parcours/JNR.html,0
JENSEN,Lars-Peder,Denmark,4NL,Parcours/4NL.html,0
JENULIS,Rich Joseph,USA,JSI,Parcours/JSI.html,0
JESCHKE,Colin,Canada,JEC,Parcours/JEC.html,0
JEUNE,Stéphane,France,JES,Parcours/JES.html,0
JINX,Dale,USA,JXD,Parcours/JXD.html,0
JOHANSSON,Magnus,Sweden,JNM,Parcours/JNM.html,0
JOHANSSON,Rasmus,Sweden,JNA,Parcours/JNA.html,0
JOHN,Farris,USA,JN1,Parcours/JN1.html,0
JOHNS,John Jr.,USA,JJJ,Parcours/JJJ.html,0
JOHNS,Steve (Stephen),USA,JSS,Parcours/JSS.html,0
JOHNSON,Dave,USA,JND,Parcours/JND.html,0
JOHNSON,Eric,usa,JNE,Parcours/JNE.html,0
JOHNSON,James,usa,JN0,Parcours/JN0.html,0
JOHNSON,John,UK,JNJ,Parcours/JNJ.html,0
JOHNSON,Johnny,USA,J2J,Parcours/J2J.html,0
JOHNSON,Bob Kedge,USA,JNB,Parcours/JNB.html,0
JOHNSON,Karl,USA,J2K,Parcours/J2K.html,0
JOHNSON,Phillip,USA,J2P,Parcours/J2P.html,0
JOHNSTON,Mike,USA,J2M,Parcours/J2M.html,0
JONES,Paul,UK,J1P,Parcours/J1P.html,0
JONES,Phillip,UK,JSP,Parcours/JSP.html,0
JONES,Keith,USA,JSK,Parcours/JSK.html,0
JONES,Todd,USA,JST,Parcours/JST.html,0
JOYNER,Ken,USA,JRK,Parcours/JRK.html,0
JSU,Jsu (sleath),Canada,XX1,Parcours/XX1.html,0
JUPP,Gordon,UK,JPG,Parcours/JPG.html,0
JYVÄSJÄRVI,Sauli,Finland,JI1,Parcours/JI1.html,0
JøRGENSEN,Torben,Denmark,JNT,Parcours/JNT.html,0
KALMAN,Josh,Israel,KNJ,Parcours/KNJ.html,0
KALMAN,David,Israel,KND,Parcours/KND.html,0
KALMAN,Daniel,Israel,KNL,Parcours/KNL.html,0
KALUCZA,Sebastian,Sweden,KAS,Parcours/KAS.html,0
KANGASMAA,Tommi,Finland,KAT,Parcours/KAT.html,0
KAPP,David,USA,KPD,Parcours/KPD.html,0
KARPOWICZ,Buck,USA,KZB,Parcours/KZB.html,0
KASTER,Paul,USA,KRP,Parcours/KRP.html,0
KAVANAGH,Chris,USA,KHC,Parcours/KHC.html,0
KAY,Jonathan,Canada,K54,Parcours/K54.html,0
KEARNEY,Tom,USA,KY4,Parcours/KY4.html,0
KEDDELL,Jackson,New Zealand,KLJ,Parcours/KLJ.html,0
KEHRER,Jordan,USA,K3J,Parcours/K3J.html,0
KELLN,George,Canada,K2G,Parcours/K2G.html,0
KELLY,Wayne,UK,KYW,Parcours/KYW.html,0
KELLY,tim,USA,KYT,Parcours/KYT.html,0
KEMP,Ed,USA,KPE,Parcours/KPE.html,0
KENNEALLY,Kevin,USA,KYK,Parcours/KYK.html,0
KENNY,Jonathan,Canada,K5J,Parcours/K5J.html,0
KENT,Ryan,USA,K4R,Parcours/K4R.html,0
KENT,Ivan,Australia,KTI,Parcours/KTI.html,0
KETTING,Morten,Denmark,KGM,Parcours/KGM.html,0
KETTLEWELL,Paul,UK,KLP,Parcours/KLP.html,0
KEY,Alex,USA,KYA,Parcours/KYA.html,0
KEY,Justin,UK,KYJ,Parcours/KYJ.html,0
KIBLER,Charly,USA,K3C,Parcours/K3C.html,0
KILLEEN,Kevin,USA,KN1,Parcours/KN1.html,0
KING,Stewart,USA,KGS,Parcours/KGS.html,0
KING,Richard,USA,KGR,Parcours/KGR.html,0
KING,Allen,USA,KGA,Parcours/KGA.html,0
KING,Daniel,UK,KGD,Parcours/KGD.html,0
KINNEY,Rodney,USA,KY3,Parcours/KY3.html,0
KIPPEN,Scott,USA,KNS,Parcours/KNS.html,0
KIRBY,Doug,USA,KYD,Parcours/KYD.html,0
KIRK,Doug,USA,KKD,Parcours/KKD.html,0
KIRKALDY,Bruce,USA,KYB,Parcours/KYB.html,0
KIRKPATRICK,Al,usa,KKA,Parcours/KKA.html,0
KIUKKONEN,Olli-Pekka,Finland,KNO,Parcours/KNO.html,0
KLAUSMEYER,Kevin,USA,K3K,Parcours/K3K.html,0
KLAUTKY,Mike,USA,KYM,Parcours/KYM.html,0
KLEEPACZYK,Tim,USA,KKT,Parcours/KKT.html,0
KLYSNER,Lars,Denmark,KRL,Parcours/KRL.html,0
KNAUTH,Ernst,Germany,KHE,Parcours/KHE.html,0
KNIGHT,Randy,USA,KTN,Parcours/KTN.html,0
KNIPPEL,Steffen,Canada,KLS,Parcours/KLS.html,0
KNOLL,Brad,Canada,KL3,Parcours/KL3.html,0
KNOTT,Ken,USA,KTK,Parcours/KTK.html,0
KNOWLES,John Charles,Taiwan,K1J,Parcours/K1J.html,0
KNOWLES,John,USA,KSJ,Parcours/KSJ.html,0
KNUDSEN,Kenneth,Denmark,KNK,Parcours/KNK.html,0
KNUTH,John,USA,KTJ,Parcours/KTJ.html,0
KOBA,Thomas,Faroe Islands,64A,Parcours/64A.html,0
KOCH,Michael,Germany,KHM,Parcours/KHM.html,0
KOENE,Allard,Netherlands,KEA,Parcours/KEA.html,0
KOESTLER,Alex,Netherlands,KRA,Parcours/KRA.html,0
KOLENSKI,Mark,USA,KIM,Parcours/KIM.html,0
KOPPMEYER,Lars,Germany,K3L,Parcours/K3L.html,0
KOTILAINEN,Peter,Sweden,KNP,Parcours/KNP.html,0
KOTTIS,Gus,USA,KSG,Parcours/KSG.html,0
KOUBA,Jeff,USA,KAJ,Parcours/KAJ.html,0
KOVACS,Darren,Canada,KSD,Parcours/KSD.html,0
KRAFT,Armin,Germany,KTA,Parcours/KTA.html,0
KRATZ,Mark,Canada,KZM,Parcours/KZM.html,0
KRISHFIELD,David,USA,KDD,Parcours/KDD.html,0
KRISTENSEN,Martin,Denmark,KNM,Parcours/KNM.html,0
KROCKOVER,Gary,USA,KRG,Parcours/KRG.html,0
KROPF,Bryan,USA,KFB,Parcours/KFB.html,0
KRUUSMAGÏ,Linus,Sweden,KIL,Parcours/KIL.html,0
KUBICK,Chris,USA,KKC,Parcours/KKC.html,0
KUCHARSKI,Tomasz,Poland,KIT,Parcours/KIT.html,0
KUMMETH,Bob,USA,KHR,Parcours/KHR.html,0
KURTZ,Kurt,USA,KZK,Parcours/KZK.html,0
KWAN,Jackson,Hong Kong,K2J,Parcours/K2J.html,0
KWONG,Ted,China,KGT,Parcours/KGT.html,0
KYLE,Ron,USA,KE1,Parcours/KE1.html,0
KYLE,Steve,USA,KES,Parcours/KES.html,0
KÄRNÄ,Timo,Finland,KA4,Parcours/KA4.html,0
L ARCHEVèQUE,Bruno,Canada,LEB,Parcours/LEB.html,0
LA PLANTE,Mike,USA,LEM,Parcours/LEM.html,0
LA PLANTE,John,USA,LEO,Parcours/LEO.html,0
LA TERZA,michael,USA,LA6,Parcours/LA6.html,0
LAAKSO,Mattias,Sweden,LOM,Parcours/LOM.html,0
LABBE,Corentin,France,LEC,Parcours/LEC.html,0
LADD,Joseph,USA,LDJ,Parcours/LDJ.html,0
LADWEIN,Peter,Germany,LNP,Parcours/LNP.html,0
LAGU,Indy,UK,LUI,Parcours/LUI.html,0
LAI,Simon,China,LIS,Parcours/LIS.html,0
LAIMER,Eric,Canada,L3E,Parcours/L3E.html,0
LAMB,Dave,USA,LBD,Parcours/LBD.html,0
LAMER,Alain,France,LRA,Parcours/LRA.html,0
LAMPLEY,Chris,USA,LYC,Parcours/LYC.html,0
LAND,Anders,Sweden,LDA,Parcours/LDA.html,0
LAND,Mitch,USA,LDM,Parcours/LDM.html,0
LANDRETH,Steve,USA,LHS,Parcours/LHS.html,0
LANEY,Mike,USA,L5M,Parcours/L5M.html,0
LANGER,David,USA,L3D,Parcours/L3D.html,0
LANTOINE,Stéphane,France,LES,Parcours/LES.html,0
LANTZ,Johan,Sweden,LZJ,Parcours/LZJ.html,0
LARIGAUDERIE,Guilhem,France,LIG,Parcours/LIG.html,0
LARSEN,Niels,Denmark,LNN,Parcours/LNN.html,0
LARSSON,Andreas,Sweden,LND,Parcours/LND.html,0
LASNIER,Jean,France,LRJ,Parcours/LRJ.html,0
LATUSSEK,Jan,Germany,LKJ,Parcours/LKJ.html,0
LAU,Erwin,China,LUE,Parcours/LUE.html,0
LAUGER,Paul,USA,LRP,Parcours/LRP.html,0
LAWS,Mike,USA,L1M,Parcours/L1M.html,0
LE BILLAN,Laurent,France,LNL,Parcours/LNL.html,0
LE FLOHIC,Nicolas,France,LCN,Parcours/LCN.html,0
LEACH,Doug,USA,LH7,Parcours/LH7.html,0
LEANDER,Erik,Sweden,LRE,Parcours/LRE.html,0
LEBENHAGEN,Arno,Canada,L2A,Parcours/L2A.html,0
LEE,Jamie,Singapore,L8J,Parcours/L8J.html,0
LEGG,Paul,UK,LGP,Parcours/LGP.html,0
LEHMAN,John,USA,LNJ,Parcours/LNJ.html,0
LEHNER,Gary,Canada,LRG,Parcours/LRG.html,0
LEJA,Marcus,Canada,LAM,Parcours/LAM.html,0
LEMAY,Serge,Canada,LYS,Parcours/LYS.html,0
LENAIN,Gérard,France,LNG,Parcours/LNG.html,0
LENOIR,Philippe,France,L3P,Parcours/L3P.html,0
LENTING,Bart,Netherlands,LGB,Parcours/LGB.html,0
LEOCE,Joe,USA,LEE,Parcours/LEE.html,0
LEONG,David,Singapore,LGD,Parcours/LGD.html,0
LEPORE,Dan,Canada,L8D,Parcours/L8D.html,0
LESSLY,Gregg,USA,LYG,Parcours/LYG.html,0
LEUNG,Anthony,China,LGA,Parcours/LGA.html,0
LEVINSKY,Peder,Norway,LYK,Parcours/LYK.html,0
LEVREAULT,Ron,Canada,LTR,Parcours/LTR.html,0
LEVY,Patrick,France,LYP,Parcours/LYP.html,0
LEVY,Matthew,USA,LYM,Parcours/LYM.html,0
LI,Zunwen Kyle,China,LIZ,Parcours/LIZ.html,0
LIBENS,Michael,USA,LSM,Parcours/LSM.html,0
LIESEMEYER,Brandon,USA,LRB,Parcours/LRB.html,0
LIEWENDAHL,Christopher,Sweden,LLC,Parcours/LLC.html,0
LINDBLAD,Erik,Canada,L7E,Parcours/L7E.html,0
LINTON,Steve,Australia,LNS,Parcours/LNS.html,0
LINXWEILER,Rob,USA,LRR,Parcours/LRR.html,0
LIVINGSTONE,Russel,Australia,LE3,Parcours/LE3.html,0
LJODAL,Tron,Norway,LLT,Parcours/LLT.html,0
LOFTHOUSE,Derek,Canada,L87,Parcours/L87.html,0
LOIGNON,Kevin,USA,LNK,Parcours/LNK.html,0
LOISELLE,Allen,USA,LEA,Parcours/LEA.html,0
LOMBARDI,Marco,Italy,LIM,Parcours/LIM.html,0
LONG,Jay,USA,LGJ,Parcours/LGJ.html,0
LONG,Mr.,USA,LGM,Parcours/LGM.html,0
LONGSTREET,David,USA,LTD,Parcours/LTD.html,0
LONGWORTH,David,AUSTRALIA,LHD,Parcours/LHD.html,0
LOPER,Robert,USA,L33,Parcours/L33.html,0
LOPEZ,Raul,Spain,LZ3,Parcours/LZ3.html,0
LOPEZ,Richard,USA,LZR,Parcours/LZR.html,0
LOPEZ,Santiago,Spain,LZS,Parcours/LZS.html,0
LOPEZ BARO,Pedro,Spain,LZP,Parcours/LZP.html,0
LORENTE,Eloi,Spain,LE2,Parcours/LE2.html,0
LORENTE,Txema,Spain,LE1,Parcours/LE1.html,0
LORENZEN,B.,Germany,L2B,Parcours/L2B.html,0
LOUBAT,Luc,France,LTL,Parcours/LTL.html,0
LOVRIEN,Clark,USA,L2C,Parcours/L2C.html,0
LU,Akira,China,LUA,Parcours/LUA.html,0
LUCAS,Scott,USA,LSS,Parcours/LSS.html,0
LUCE,Jeff,USA,L84,Parcours/L84.html,0
LUKKARI,Mikko,Finland,LII,Parcours/LII.html,0
LUKKARI,Teemu,Finland,LI4,Parcours/LI4.html,0
LUKKARI,Tuomo,Finland,LIT,Parcours/LIT.html,0
LUKKARINEN,Sami,Sweden,LNA,Parcours/LNA.html,0
LUKOWICZ,Byron,USA,LZB,Parcours/LZB.html,0
LUNDGREN,Martin,Sweden,LNM,Parcours/LNM.html,0
LUNDHOLM,Frederik,Sweden,LMF,Parcours/LMF.html,0
LUNDY,Darryl,New Zealand,LYD,Parcours/LYD.html,0
LUNNEY,Adam,Australia,LYA,Parcours/LYA.html,0
LUPACZYK,Gregg,USA,LK5,Parcours/LK5.html,0
LYNCH,Thomas P.,USA,LHT,Parcours/LHT.html,0
LYNES,Doug,USA,L17,Parcours/L17.html,0
LYONS,Doug,USA,LSD,Parcours/LSD.html,0
MACAIRE,Tim,UK,MET,Parcours/MET.html,0
MACDONALD,Rob,Canada,MD3,Parcours/MD3.html,0
MACIEJEWSKI,Jeremy,USA,6IJ,Parcours/6IJ.html,0
MACPHERSON,Neil,Australia,M22,Parcours/M22.html,0
MADDOCKS,Adrian,UK,MSA,Parcours/MSA.html,0
MAFFEI,Jim,USA,MI1,Parcours/MI1.html,0
MAGLICA,Robert,Sweden,MAR,Parcours/MAR.html,0
MAHER,Damien,UK,M3D,Parcours/M3D.html,0
MAILHAN,Guillaume,France,MNG,Parcours/MNG.html,0
MAINEZ,Txema,Spain,MZR,Parcours/MZR.html,0
MAINEZ,Paco,Spain,MZF,Parcours/MZF.html,0
MALLET,Franck,France,MTF,Parcours/MTF.html,0
MALMSTROM,Klas,Sweden,MMK,Parcours/MMK.html,0
MALONEY,Chris,USA,MY2,Parcours/MY2.html,0
MALY,Andrew,USA,M5A,Parcours/M5A.html,0
MAMO,Jeremie,France,MOJ,Parcours/MOJ.html,0
MANDISHORA,Elizabeth,Zimbabwe,MAE,Parcours/MAE.html,0
MANFREDI,Jim,USA,MIJ,Parcours/MIJ.html,0
MANGER,Peter,Australia,MRP,Parcours/MRP.html,0
MANIOS,Louis,USA,MSL,Parcours/MSL.html,0
MANLIG,Patrik,Sweden,MGP,Parcours/MGP.html,0
MANOFF,Phil,usa,MFP,Parcours/MFP.html,0
MARANGON,Nicola,Italy,MNI,Parcours/MNI.html,0
MARCHINO,Andrea,Italy,MOA,Parcours/MOA.html,0
MARCOLUNGO,Luca,Italy,6OL,Parcours/6OL.html,0
MARELL,Bjarne,Denmark,MLB,Parcours/MLB.html,0
MARESKE,Dave,USA,68D,Parcours/68D.html,0
MARIANI,Stéphane,France,MIS,Parcours/MIS.html,0
MARJOREL,Rémi,France,MLR,Parcours/MLR.html,0
MARKHAM,Joe,USA,MMJ,Parcours/MMJ.html,0
MARKLUND,Häkan,Sweden,MDH,Parcours/MDH.html,0
MAROTE,Pedro,France,MEP,Parcours/MEP.html,0
MARQUIS,Martin,Canada,MSM,Parcours/MSM.html,0
MARTIN,Scott,USA,M21,Parcours/M21.html,0
MARTIN,Jim,USA,MN5,Parcours/MN5.html,0
MARTIN,Patrick,USA,M2P,Parcours/M2P.html,0
MARTIN,Laurent,France,MNL,Parcours/MNL.html,0
MARTIN,John,UK,MNJ,Parcours/MNJ.html,0
MARTIN,Brien,USA,MNB,Parcours/MNB.html,0
MARTINEZ,Juan José,Spain,MSJ,Parcours/MSJ.html,0
MARTINI,Luca,Italy,MIL,Parcours/MIL.html,0
MARTUZAS,Brian,USA,MSB,Parcours/MSB.html,0
MASON,Kemp,USA,62K,Parcours/62K.html,0
MASON,Pierce,USA,MN1,Parcours/MN1.html,0
MASSIGNANI,Alessandro,Italy,6IA,Parcours/6IA.html,0
MASTERS,Robert,USA,MS2,Parcours/MS2.html,0
MASURA,Michael,USA,MA6,Parcours/MA6.html,0
MATHESON,Dwayne,Canada,6ND,Parcours/6ND.html,0
MAXE,Janusz,Sweden,MEJ,Parcours/MEJ.html,0
MAXWELL,Larry,USA,MLL,Parcours/MLL.html,0
MAYERS,Martin,UK,MST,Parcours/MST.html,0
MAYNARD,Mark,USA,MDM,Parcours/MDM.html,0
MAZZA,Gabriele,San Marino,MAG,Parcours/MAG.html,0
MAZZEI,Chris,Switzerland,MIC,Parcours/MIC.html,0
MAZZUCHELLI,Fabio,Italy,MIF,Parcours/MIF.html,0
MC CANN,Mike,USA,6N6,Parcours/6N6.html,0
MC GINLEY,Rob,Australia,MYR,Parcours/MYR.html,0
MCCLELLAND,Gordon,Australia,MDG,Parcours/MDG.html,0
MCCLOSKEY,Murray,Australia,6Y6,Parcours/6Y6.html,0
MCDIARMID,John,Canada,MDO,Parcours/MDO.html,0
MCDONALD,Rob,Canada,6DR,Parcours/6DR.html,0
MCDONALD,Ralph,USA,MDR,Parcours/MDR.html,0
MCDOWELL,Miguel,USA,ML6,Parcours/ML6.html,0
MCGILCHRIST,Mark,Australia,MTM,Parcours/MTM.html,0
MCGRATH,Mike,USA,MHM,Parcours/MHM.html,0
MCGRATH,Dominic,UK,MHD,Parcours/MHD.html,0
MCGUIRE,Dan,USA,6ED,Parcours/6ED.html,0
MCKENZIE,Shane,Canada,M8S,Parcours/M8S.html,0
MCLEE,Dave,USA,MED,Parcours/MED.html,0
MCMAHON,John,Canada,M2J,Parcours/M2J.html,0
MCMASTER,Andy,UK,MRA,Parcours/MRA.html,0
MCMUELLEN,Doug,USA,MND,Parcours/MND.html,0
MCNEIL,Mark,Canada,MLM,Parcours/MLM.html,0
MCNEIL,Steve,USA,MLS,Parcours/MLS.html,0
MCWILLIAMS,Walt,USA,MSW,Parcours/MSW.html,0
MECKEL,Torsten,Germany,MLT,Parcours/MLT.html,0
MEHL,Jim,USA,MLJ,Parcours/MLJ.html,0
MEI,Gary,USA,MIG,Parcours/MIG.html,0
MEIER,Tom,USA,M3T,Parcours/M3T.html,0
MEIER,Frank,Germany,MRF,Parcours/MRF.html,0
MENDOZA,Miquel,Spain,MAM,Parcours/MAM.html,0
MENGOLI,Paolo,Italy,MIU,Parcours/MIU.html,0
MENON,Guglielmo,German,M2G,Parcours/M2G.html,0
MENTL,Florian,Germany,MLF,Parcours/MLF.html,0
MERLI,Marco,Italy,MIM,Parcours/MIM.html,0
MERRITT,John,USA,MTJ,Parcours/MTJ.html,0
MESSINA,Paul,USA,MAP,Parcours/MAP.html,0
MEYER,Kevin,USA,MRK,Parcours/MRK.html,0
MEYER,Chris,USA,MRC,Parcours/MRC.html,0
MICHAUD,Matt,USA,M7M,Parcours/M7M.html,0
MICKEVICS,Steve,Australia,MCS,Parcours/MCS.html,0
MIKLOSIK,Steve,USA,MKS,Parcours/MKS.html,0
MILES,Dale,USA,6SD,Parcours/6SD.html,0
MILLER,Bob,USA,MRB,Parcours/MRB.html,0
MILLER,Steven,USA,MR5,Parcours/MR5.html,0
MILLER,Eric,USA,MRE,Parcours/MRE.html,0
MILNE,Chris,UK,MEC,Parcours/MEC.html,0
MIODUSKI,Ken,usa,MIK,Parcours/MIK.html,0
MISSELBROOK,Lee,Canada,MKL,Parcours/MKL.html,0
MITCHELL,Steve,USA,ML1,Parcours/ML1.html,0
MOLINA,Miguel,Spain,6A6,Parcours/6A6.html,0
MOLNAR,Ish,USA,MRI,Parcours/MRI.html,0
MONEDERO,Ivan,Spain,MOI,Parcours/MOI.html,0
MONTE,Kenn,usa,MEK,Parcours/MEK.html,0
MOOLENAARS,Roderick,Netherlands,MSR,Parcours/MSR.html,0
MOORE,Jim,USA,68J,Parcours/68J.html,0
MOOREHEAD,Bruce,USA,67R,Parcours/67R.html,0
MORENO,Santi,Spain,MOS,Parcours/MOS.html,0
MORICE,Marc,France,MEM,Parcours/MEM.html,0
MORIESON,Robert,Australia,MNO,Parcours/MNO.html,0
MORIN,Tom,USA,MNT,Parcours/MNT.html,0
MORO,Joe,Australia,MO1,Parcours/MO1.html,0
MORRIS,Ian,UK,MSI,Parcours/MSI.html,0
MORRIS,Jean,USA,61J,Parcours/61J.html,0
MORRIS,Dusty,USA,M1D,Parcours/M1D.html,0
MORRIS,Brent,usa,MS1,Parcours/MS1.html,0
MORRIS,Sean,Sweden,MSE,Parcours/MSE.html,0
MORTON,Eric,USA,M2E,Parcours/M2E.html,0
MOSHER,Ron,USA,MRR,Parcours/MRR.html,0
MOSHER,Erika,USA,6RE,Parcours/6RE.html,0
MOTES,Doyle,USA,MSD,Parcours/MSD.html,0
MOULTON,Bruce,USA,MNR,Parcours/MNR.html,0
MUDGE,Pete,USA,ME3,Parcours/ME3.html,0
MUELLER,Tom,USA,MRO,Parcours/MRO.html,0
MUELLER,Russell,USA,MR1,Parcours/MR1.html,0
MUIR,David,Denmark,M37,Parcours/M37.html,0
MULLER,Andrew,USA,63A,Parcours/63A.html,0
MULLINS,Kermit,USA,MSK,Parcours/MSK.html,0
MULLINS,Scott,USA,M11,Parcours/M11.html,0
MUNSCH,Nicolas,France,MHN,Parcours/MHN.html,0
MURILLO,Lindsay,USA,MOL,Parcours/MOL.html,0
MURPHY,Jack,USA,MYJ,Parcours/MYJ.html,0
MUSSINI,Mario,Italy,MIA,Parcours/MIA.html,0
MUTTER,Fabien,France,63F,Parcours/63F.html,0
MYERS,Jeff,USA,M1J,Parcours/M1J.html,0
MYERS,D.,USA,MS3,Parcours/MS3.html,0
MéCHIN,Christophe,France,MNC,Parcours/MNC.html,0
MöRLIN,Jakob,Sweden,MNA,Parcours/MNA.html,0
MøLLER,Uffe,Denmark,MRU,Parcours/MRU.html,0
NADALINI,Mario,Italy,NIM,Parcours/NIM.html,0
NAGEL,Jurgen,Netherlands,NLJ,Parcours/NLJ.html,0
NAGY,Svanta,Sweden,NYS,Parcours/NYS.html,0
NAIL,Jim,USA,2LJ,Parcours/2LJ.html,0
NARDIN,Carl,USA,NN1,Parcours/NN1.html,0
NATTOCHDAD,Magnus,Sweden,NGM,Parcours/NGM.html,0
NAUDOT,Olivier,France,NTO,Parcours/NTO.html,0
NAVARRO,Paco,Spain,NOF,Parcours/NOF.html,0
NAVEN,Mike,USA,NNI,Parcours/NNI.html,0
NEAL,Wes,USA,NLW,Parcours/NLW.html,0
NEARY,James,USA,NYJ,Parcours/NYJ.html,0
NEELY,Grady,USA,NYG,Parcours/NYG.html,0
NEEMAN,Lee,USA,NNL,Parcours/NNL.html,0
NEGRO GONZALEZ,Testifonte,Spain,NOT,Parcours/NOT.html,0
NEIGHBORS,Mr.,USA,NSM,Parcours/NSM.html,0
NELSON,Hondo,USA,NNH,Parcours/NNH.html,0
NEO,Stanley,Singapore,NOS,Parcours/NOS.html,0
NETHERTON,Chris,UK,NNC,Parcours/NNC.html,0
NEWMAN,Shane,Canada,221,Parcours/221.html,0
NEWTON,Walter,USA,NNW,Parcours/NNW.html,0
NICEWARNER,Steve,USA,NRS,Parcours/NRS.html,0
NICHOLAS,David,USA,NSD,Parcours/NSD.html,0
NIED,Ken,USA,NDK,Parcours/NDK.html,0
NIELSEN,Chris,USA,22C,Parcours/22C.html,0
NIEZNANSKI,Rick,USA,NIR,Parcours/NIR.html,0
NIKOLOV,Alexey,Russia,NVA,Parcours/NVA.html,0
NILSSON,Stefan,Sweden,NNS,Parcours/NNS.html,0
NILSSON,Häkan,Sweden,22H,Parcours/22H.html,0
NILSSON,Kent,Sweden,NNK,Parcours/NNK.html,0
NITROSSO,Bruno,France,NOB,Parcours/NOB.html,0
NIXON,Mark,USA,NNM,Parcours/NNM.html,0
NIXON,stance,USA,22S,Parcours/22S.html,0
NOAH,Matt,usa,NHM,Parcours/NHM.html,0
NOGUEIRA,Carl,USA,NAC,Parcours/NAC.html,0
NOLLES,Andries,Netherlands,NSA,Parcours/NSA.html,0
NORDLUND,Peter,Finland,NDP,Parcours/NDP.html,0
NORDSTRöM,Lars,Sweden,NML,Parcours/NML.html,0
NORKO,Damon,USA,NOD,Parcours/NOD.html,0
NORMAN,Gary,UK,NNG,Parcours/NNG.html,0
NORTH,Thomas,USA,NHT,Parcours/NHT.html,0
NORTHEY,Rich,USA,NYI,Parcours/NYI.html,0
NORTHMAN,Ralf,Sweden,NN3,Parcours/NN3.html,0
NORTON,P.J.,USA,NNJ,Parcours/NNJ.html,0
NYGåRDS,Ola,Norway,NSO,Parcours/NSO.html,0
NøRGAARD,Jakob,Denmark,NDJ,Parcours/NDJ.html,0
O BRIEN,Mike,USA,ONM,Parcours/ONM.html,0
O'BOYLE,Anthony,UK,OEA,Parcours/OEA.html,0
O'CONNELL,Vincent,USA,OLV,Parcours/OLV.html,0
O'CONNOR,Bob,USA,ORB,Parcours/ORB.html,0
O'DELL,Dave,USA,OLD,Parcours/OLD.html,0
O'QUIN,Jack,USA,ONJ,Parcours/ONJ.html,0
O'REILLY,John,UK,OYJ,Parcours/OYJ.html,0
O'SHEA,Mick,USA,OAM,Parcours/OAM.html,0
OBERMEIT,Volker,Switzerland,OTV,Parcours/OTV.html,0
OCKELMANN,John,USA,O2J,Parcours/O2J.html,0
OLAUSSON,Dag,Sweden,O2D,Parcours/O2D.html,0
OLDEN,Chris,USA,ONC,Parcours/ONC.html,0
OLER,Robert,Canada,ORR,Parcours/ORR.html,0
OLINIK,Stéphan,France,OKS,Parcours/OKS.html,0
OLIVER,Oscar,Spain,ORO,Parcours/ORO.html,0
OLIVIERI,Andrea,Italy,OIA,Parcours/OIA.html,0
OLSON,Dave,USA,OND,Parcours/OND.html,0
OLSSON,Lars,Sweden,ONL,Parcours/ONL.html,0
OLSSON,Anders,Sweden,ONA,Parcours/ONA.html,0
OLSZANSKI,Paul,USA,OIP,Parcours/OIP.html,0
ORMIèRES,Frédéric,France,OSF,Parcours/OSF.html,0
ORTEGA,Eric,USA,OAE,Parcours/OAE.html,0
ORTEGA,Peter,USA,OAP,Parcours/OAP.html,0
ORWIN,Darren,UK,527,Parcours/527.html,0
OTTEN,Michiel,Netherlands,OSM,Parcours/OSM.html,0
OWEN,Bill,USA,ONW,Parcours/ONW.html,0
OWSEN,Dan,USA,O27,Parcours/O27.html,0
OZVAT,Matt,USA,OTM,Parcours/OTM.html,0
PAGNI,Andrea,Italy,PIA,Parcours/PIA.html,0
PAILLARD,Olivier,France,PDO,Parcours/PDO.html,0
PALMA,Patrick,USA,PAP,Parcours/PAP.html,0
PALMER,Phil,usa,PRP,Parcours/PRP.html,0
PALMER,Peter,Australia,P3P,Parcours/P3P.html,0
PAOLI,Jean-Pascal,France,PIJ,Parcours/PIJ.html,0
PAPAS,Jeff,USA,PSE,Parcours/PSE.html,0
PAREJA CASTILLA,Jesus,Spain,PAJ,Parcours/PAJ.html,0
PARKER,Gregg,USA,PRG,Parcours/PRG.html,0
PARKES,Ian,UK,PSI,Parcours/PSI.html,0
PASSLER,Carl,USA,PRA,Parcours/PRA.html,0
PATRICK,Mike,USA,PKM,Parcours/PKM.html,0
PATTEN,Dave,USA,PND,Parcours/PND.html,0
PAU,Alex,China,PUA,Parcours/PUA.html,0
PAUGET,Hugues,France,PTH,Parcours/PTH.html,0
PAVLE,Chris,Canada,P8C,Parcours/P8C.html,0
PAYNE,Chuck,USA,PE1,Parcours/PE1.html,0
PEARSON,David,USA,P2D,Parcours/P2D.html,0
PEEBLES,Mike,USA,PSM,Parcours/PSM.html,0
PELKONEN,Sami,Finland,P21,Parcours/P21.html,0
PENABELLA,Santiago,Spain,PA1,Parcours/PA1.html,0
PENGYU,Zhao,Hong Kong,PUZ,Parcours/PUZ.html,0
PERCY,Ian,UK,PYI,Parcours/PYI.html,0
PEREZ,José Luis,Spain,PZJ,Parcours/PZJ.html,0
PERHAM,Dave,USA,PMD,Parcours/PMD.html,0
PERRIN,Sébastien,France,PNS,Parcours/PNS.html,0
PESKLO,Steve,USA,POT,Parcours/POT.html,0
PETERSEN,Steve,USA,PNE,Parcours/PNE.html,0
PETERSON,Mark,USA,PNM,Parcours/PNM.html,0
PETRONZIO,Roger,USA,POR,Parcours/POR.html,0
PETROS,Don,USA,PS3,Parcours/PS3.html,0
PETROS,Don,USA,P1D,Parcours/P1D.html,0
PEYRE,Christoffer,Sweden,PEC,Parcours/PEC.html,0
PHILIPPE,Jean-Michel,France,PEJ,Parcours/PEJ.html,0
PHILLIPPS,Pete,UK,PSP,Parcours/PSP.html,0
PHILLIPSEN,Jacob,Denmark,PNJ,Parcours/PNJ.html,0
PICKERING,Brian,USA,PGB,Parcours/PGB.html,0
PIE,Jesus,Spain,PE2,Parcours/PE2.html,0
PIELHAU,Stephan,Germany,PUS,Parcours/PUS.html,0
PIERRES,Daniel,France,PSD,Parcours/PSD.html,0
PIERSON,Tony,USA,P2A,Parcours/P2A.html,0
PIERZCHALA,Michael,USA,PAM,Parcours/PAM.html,0
PIGNATELLI,Bernardo,Portugal,PIB,Parcours/PIB.html,0
PILLING,Toby,UK,PGT,Parcours/PGT.html,0
PINGLEY,Mark,USA,PYM,Parcours/PYM.html,0
PIRARD,Roland,Belgium,PDR,Parcours/PDR.html,0
PIRES,John,USA,PSO,Parcours/PSO.html,0
PITCAVAGE,Mark,USA,PEM,Parcours/PEM.html,0
PLACHTA,Dan,USA,PAD,Parcours/PAD.html,0
PLAIT,Antoine,France,PTA,Parcours/PTA.html,0
PLEVA,Steve,USA,PAS,Parcours/PAS.html,0
PLUMMER,Reg,Canada,P33,Parcours/P33.html,0
POITOUT,Pascal,France,PTP,Parcours/PTP.html,0
POLLARD,Ian,UK,PDI,Parcours/PDI.html,0
POLLOCK,Brent,Canada,PKB,Parcours/PKB.html,0
POLNICKY,Wynn,Canada,PYW,Parcours/PYW.html,0
POMERANTZ,Phil,usa,PZP,Parcours/PZP.html,0
PONCINI,Nino,Italy,PIN,Parcours/PIN.html,0
PORTER,Ray,UK,PRR,Parcours/PRR.html,0
POTIER,Franck,France,PRF,Parcours/PRF.html,0
POTTS,Kieron,UK,PSK,Parcours/PSK.html,0
POUGET,Jean-Pierre,France,PTJ,Parcours/PTJ.html,0
POVEY,Jim,USA,PYJ,Parcours/PYJ.html,0
POVILL,Ramon,Spain,PLR,Parcours/PLR.html,0
PRANDI,Claudio,Italy,PIC,Parcours/PIC.html,0
PRATT,Lind,usa,PTL,Parcours/PTL.html,0
PRESTON,Dan,USA,PN1,Parcours/PN1.html,0
PREVO,Tracy,USA,PO4,Parcours/PO4.html,0
PRIOR,Sam,UK,PRS,Parcours/PRS.html,0
PRIé,Arnaud,France,PEA,Parcours/PEA.html,0
PROBST,Bruce,Australia,PTB,Parcours/PTB.html,0
PROD'HOMME,Pierre,France,PEP,Parcours/PEP.html,0
PROUDFOOT,Gerry,USA,PTE,Parcours/PTE.html,0
PROVAN,John,USA,PNO,Parcours/PNO.html,0
PROVOST,Vic,USA,PTV,Parcours/PTV.html,0
PUCCIO,Mike,USA,POM,Parcours/POM.html,0
PUENTE DIAZ,Sergio,Spain,PES,Parcours/PES.html,0
PUGH,Kris,UK,PHK,Parcours/PHK.html,0
PULHAMUS,Derek,USA,P17,Parcours/P17.html,0
PUZZIELLO,Sergio,Italy,POS,Parcours/POS.html,0
PYTEL,Todd,USA,PLT,Parcours/PLT.html,0
PÅHLSSON,Tom,Sweden,PNT,Parcours/PNT.html,0
QUANT,Peter,Netherlands,QTP,Parcours/QTP.html,0
QUILL,Coleman,USA,QLC,Parcours/QLC.html,0
QVARFORDT,Daniel,Sweden,QTD,Parcours/QTD.html,0
RAGUSA,Gerard,USA,RAU,Parcours/RAU.html,0
RAMIREZ,Dave,USA,RZD,Parcours/RZD.html,0
RAMIS,Pedro,Belgium,RSP,Parcours/RSP.html,0
RAMSEY,David,UK,RYD,Parcours/RYD.html,0
RANDALL,David,USA,RLD,Parcours/RLD.html,0
RANDEAU,Fabrice,France,RUF,Parcours/RUF.html,0
RANSON,Nick,UK,RNN,Parcours/RNN.html,0
RASMUSSEN,Rene Yssing,Denmark,RNR,Parcours/RNR.html,0
RASMUSSEN,Peter,Denmark,RNP,Parcours/RNP.html,0
RAYMO,Tom,USA,ROT,Parcours/ROT.html,0
RAYMOND,Jean-Pierre,Canada,3DJ,Parcours/3DJ.html,0
REAL BERNAL,Ramon,Spain,RLR,Parcours/RLR.html,0
REDSTONE,Eric,USA,REE,Parcours/REE.html,0
REED,Mike,USA,RDK,Parcours/RDK.html,0
REED,Travis,USA,RDT,Parcours/RDT.html,0
REED,Martin,USA,67M,Parcours/67M.html,0
REENSTRA,Dave,usa,RAD,Parcours/RAD.html,0
REEVE,Robin,France,RER,Parcours/RER.html,0
REGISTER,Bryan,USA,RRB,Parcours/RRB.html,0
REINESCH,Rick,USA,RHR,Parcours/RHR.html,0
REINKING,Dave,USA,RGD,Parcours/RGD.html,0
REINKING,Larry,USA,3GL,Parcours/3GL.html,0
REMACLE,Thierry,France,RET,Parcours/RET.html,0
REPETTI,Tom,USA,RIT,Parcours/RIT.html,0
RETAMERO,Fermin,Spain,ROF,Parcours/ROF.html,0
REY,Benoît,France,RYB,Parcours/RYB.html,0
REY,Jérome,France,RYJ,Parcours/RYJ.html,0
REZABEK,Robert,USA,RKR,Parcours/RKR.html,0
RHODES,Michael,UK,RSM,Parcours/RSM.html,0
RICHARDS,John,USA,RSO,Parcours/RSO.html,0
RICHARDSON,Ben,USA,RNB,Parcours/RNB.html,0
RICHARDSON,Whit,USA,RNW,Parcours/RNW.html,0
RICHARDSON,Nick,USA,RN4,Parcours/RN4.html,0
RICHARDSON,Tom,USA,RN1,Parcours/RN1.html,0
RICKMAN,Mike,USA,S2M,Parcours/S2M.html,0
RIEDER,Mike,USA,33M,Parcours/33M.html,0
RIEDL,Tim,USA,RLT,Parcours/RLT.html,0
RIEMENSCHNEIDER,Gene,USA,RRG,Parcours/RRG.html,0
RILEY,William N.,USA,RYW,Parcours/RYW.html,0
RIMMER,James,Canada,33J,Parcours/33J.html,0
RIMMER,Doug,Canada,337,Parcours/337.html,0
RIMPILÄINEN,Johannes,Finland,RNJ,Parcours/RNJ.html,0
RIMVALL,Magnus,Sweden,RLM,Parcours/RLM.html,0
RINEHART,Bruce,USA,RTB,Parcours/RTB.html,0
RINGERS,Marten Jan,Netherlands,R1M,Parcours/R1M.html,0
RISHER,Jim,USA,RRJ,Parcours/RRJ.html,0
RITTER,Derek,USA,RR1,Parcours/RR1.html,0
RITTER,Ulrich,USA,RRU,Parcours/RRU.html,0
ROBERTS,Jamie,Canada,RSJ,Parcours/RSJ.html,0
ROBERTS,Lance,USA,RSL,Parcours/RSL.html,0
ROBIDA,Eric,USA,RAE,Parcours/RAE.html,0
ROBIN,Andy,USA,RNA,Parcours/RNA.html,0
ROCHETEAU,Frédéric,France,RUR,Parcours/RUR.html,0
ROCKWELL,John,USA,RLJ,Parcours/RLJ.html,0
RODGERS,Mike,Canada,RS2,Parcours/RS2.html,0
RODRIGUEZ,David,USA,3ZD,Parcours/3ZD.html,0
ROGERS,Steve,USA,RSS,Parcours/RSS.html,0
ROGERS,Andrew,Australia,R1A,Parcours/R1A.html,0
ROGUCKI,Joe,usa,RIJ,Parcours/RIJ.html,0
ROHLFING,Larry,USA,RGL,Parcours/RGL.html,0
ROHMER,Philippe,France,RRP,Parcours/RRP.html,0
ROMANOWSKI,Scott,USA,RIS,Parcours/RIS.html,0
ROMEY,Matt,USA,35M,Parcours/35M.html,0
ROSE,Mike,USA,RE1,Parcours/RE1.html,0
ROSENBERG,Adam,Denmark,RGA,Parcours/RGA.html,0
ROSNER,David,USA,RR3,Parcours/RR3.html,0
ROSNER,David,USA,RRD,Parcours/RRD.html,0
ROSSI,Randy,USA,RIR,Parcours/RIR.html,0
ROSSO,Vic,USA,ROV,Parcours/ROV.html,0
ROUBIDOUX,Doug,USA,RXD,Parcours/RXD.html,0
ROUNDHILL,Brian,USA,RLB,Parcours/RLB.html,0
ROUSSE-LACORDAIRE,Alexandre,France,REA,Parcours/REA.html,0
ROUTH,Brian,USA,RHB,Parcours/RHB.html,0
ROUTH,Sasha,USA,3H1,Parcours/3H1.html,0
ROY,Xavier,France,RYX,Parcours/RYX.html,0
RUDEK,Jim,Canada,3KJ,Parcours/3KJ.html,0
RUESTES,David,Spain,RSD,Parcours/RSD.html,0
RUMAUX,Eric,France,RXE,Parcours/RXE.html,0
RUPP,Jim,USA,RPJ,Parcours/RPJ.html,0
RUSTUM,Asad,Sweden,RMA,Parcours/RMA.html,0
RUTA,Tom,USA,RAT,Parcours/RAT.html,0
RYAN,Kevin,USA,RNK,Parcours/RNK.html,0
RYAN,Pat,USA,RN6,Parcours/RN6.html,0
RYDBERG,Claes-Erik,Sweden,RGC,Parcours/RGC.html,0
RYERSON,Andy,Canada,21A,Parcours/21A.html,0
RYHR,Carles,Spain,RRC,Parcours/RRC.html,0
RYLAND,Sheldon,USA,RDS,Parcours/RDS.html,0
RYZY,Mike,USA,RYM,Parcours/RYM.html,0
RöNNBLOM,Mattias,Sweden,RMM,Parcours/RMM.html,0
SAARINEN,Rami,Finland,123,Parcours/123.html,0
SABIDO,Nicolas,Spain,SON,Parcours/SON.html,0
SACKETT,Greg,USA,STG,Parcours/STG.html,0
SACKETT,Sarah,USA,1T1,Parcours/1T1.html,0
SAFRAN,Eric,usa,SN2,Parcours/SN2.html,0
SAGAZ,Lluis,Spain,SZL,Parcours/SZL.html,0
SAHLIN,Johan,Sweden,SNJ,Parcours/SNJ.html,0
SAINTY,Eric,France,1YE,Parcours/1YE.html,0
SALIN,Steve,USA,1N1,Parcours/1N1.html,0
SALINAS,Albert,USA,S1A,Parcours/S1A.html,0
SALISBURY,Rick,USA,SYK,Parcours/SYK.html,0
SALTZMAN,Alan Wayne,usa,SN4,Parcours/SN4.html,0
SALVAT,Roger,Spain,STR,Parcours/STR.html,0
SALZBURG,Al,USA,SGA,Parcours/SGA.html,0
SAMMARCO,Mike,USA,CO6,Parcours/CO6.html,0
SAMPSON,Brian,USA,SNB,Parcours/SNB.html,0
SANCHEZ GALAN,Miguel Angel,Spain,SZM,Parcours/SZM.html,0
SANCHIS,Arnaud,France,SS8,Parcours/SS8.html,0
SANDAGER,Søren,Danemark,121,Parcours/121.html,0
SANDBLOM,Svante,Sweden,SMS,Parcours/SMS.html,0
SANDERS,William,USA,SSW,Parcours/SSW.html,0
SANDERS,Tom,USA,SSO,Parcours/SSO.html,0
SANNESSON,Henrik,Sweden,SNH,Parcours/SNH.html,0
SAULIERE,Antoine,France,SEN,Parcours/SEN.html,0
SAUNDERS,Paul,UK,SSP,Parcours/SSP.html,0
SAUNDERS,Wayne,USA,11W,Parcours/11W.html,0
SAUR,Sébastien,France,1R1,Parcours/1R1.html,0
SCHAEFFER,Paul,USA,SRP,Parcours/SRP.html,0
SCHAEFFER,Tiago,USA,SRT,Parcours/SRT.html,0
SCHALLBERG,Todd,USA,SGT,Parcours/SGT.html,0
SCHATZ,Eric,Switzerland,1ZE,Parcours/1ZE.html,0
SCHATZ,Chris,USA,SZC,Parcours/SZC.html,0
SCHATZ,Ron,USA,SZO,Parcours/SZO.html,0
SCHEUER,Fredrik,Sweden,SRF,Parcours/SRF.html,0
SCHINDLER,Charlie,Switzerland,1RC,Parcours/1RC.html,0
SCHIPANI,Dave,USA,SID,Parcours/SID.html,0
SCHIRMANNS,Holger,Germany,SSH,Parcours/SSH.html,0
SCHMITTGENS,Greg,USA,11G,Parcours/11G.html,0
SCHNEIDER,Ian,USA,13I,Parcours/13I.html,0
SCHNEIDER,John,USA,1RJ,Parcours/1RJ.html,0
SCHNEIDER,Ralph,USA,SRA,Parcours/SRA.html,0
SCHOFIELD,Dave,UK,SDD,Parcours/SDD.html,0
SCHOOLS,Glenn,USA,SSG,Parcours/SSG.html,0
SCHRAMM,William,USA,SMW,Parcours/SMW.html,0
SCHROEDER,Ed,USA,SR2,Parcours/SR2.html,0
SCHUHMACHER,Torsten,Germany,SER,Parcours/SER.html,0
SCHUMACHER,Oliver,Germany,SRO,Parcours/SRO.html,0
SCHUTZ,Ryan,USA,1ZR,Parcours/1ZR.html,0
SCHWARTZ,Gary,USA,SZG,Parcours/SZG.html,0
SCHWARZ,Fred,usa,SZF,Parcours/SZF.html,0
SCHWARZ,Eli,USA,SZE,Parcours/SZE.html,0
SCHWELA,Ulric,Finland,SAU,Parcours/SAU.html,0
SCHWOEBEL,Matt,USA,SLM,Parcours/SLM.html,0
SCOTT,Nathan,Canada,STN,Parcours/STN.html,0
SCOTT CHRISTENSEN,Flemming,Denmark,SCF,Parcours/SCF.html,0
SCREF,Claude,Belgium,SFC,Parcours/SFC.html,0
SCRIBER,Darin,USA,13D,Parcours/13D.html,0
SCRIPP,Robert,Canada,SPR,Parcours/SPR.html,0
SEAGE,Paul,Australia,SEP,Parcours/SEP.html,0
SEAMON,Josh,USA,S2J,Parcours/S2J.html,0
SEAMON,Josh,USA,SMJ,Parcours/SMJ.html,0
SEE,Vlad,Philippines,SEV,Parcours/SEV.html,0
SEENEY,Robert,UK,SYR,Parcours/SYR.html,0
SELLAR,Glenn,USA,SRG,Parcours/SRG.html,0
SEMENZA,Seth,USA,SAS,Parcours/SAS.html,0
SENGOTTAIYAN,Mike,USA,1NM,Parcours/1NM.html,0
SENGSTOCK,Scott,USA,SKC,Parcours/SKC.html,0
SENINGEN,Mike,USA,SNK,Parcours/SNK.html,0
SERAFIN,Jim,USA,SNI,Parcours/SNI.html,0
SERIO,Louis,USA,SOL,Parcours/SOL.html,0
SESSIONS,David,USA,11D,Parcours/11D.html,0
SETTINGER,Steve,USA,SRS,Parcours/SRS.html,0
SEULOWITZ,Rob,USA,SZB,Parcours/SZB.html,0
SEWALL,Jeff,USA,SLJ,Parcours/SLJ.html,0
SEXTON,James,USA,SXN,Parcours/SXN.html,0
SEYMOUR,Phil,USA,1RP,Parcours/1RP.html,0
SHANNON,Richard,USA,1NR,Parcours/1NR.html,0
SHARP,Tom,USA,SPT,Parcours/SPT.html,0
SHARP,John,UK,SPJ,Parcours/SPJ.html,0
SHEA,Michael,USA,SAH,Parcours/SAH.html,0
SHELLING,Pete,USA,SGP,Parcours/SGP.html,0
SHEPPARD,Doug,USA,SDO,Parcours/SDO.html,0
SHERLIKER,Bill,UK,SRB,Parcours/SRB.html,0
SHERRY,Evan,USA,SYE,Parcours/SYE.html,0
SHIELDS,Rusty,USA,11R,Parcours/11R.html,0
SHIFFLETT,Shawn,USA,1TS,Parcours/1TS.html,0
SHILOAH,Ran,Israel,SHR,Parcours/SHR.html,0
SHIMO,Arnold,USA,SOA,Parcours/SOA.html,0
SHIPLEY,Eric,USA,15E,Parcours/15E.html,0
SHIPLEY,Rich,USA,SY1,Parcours/SY1.html,0
SHORE,Alan,USA,SEL,Parcours/SEL.html,0
SHORT,James,UK,1TJ,Parcours/1TJ.html,0
SHOSTAK,Matt,USA,SKM,Parcours/SKM.html,0
SHRYOCK,Mark,USA,1KM,Parcours/1KM.html,0
SHURTZ,Randy,USA,SZR,Parcours/SZR.html,0
SHUSTER,Robert,USA,SRR,Parcours/SRR.html,0
SIACKNIKI,John,USA,SIJ,Parcours/SIJ.html,0
SIBLEY,Aaron,UK,SYA,Parcours/SYA.html,0
SIDHU,Paul,USA,SUP,Parcours/SUP.html,0
SIEMSEN,Bo,Denmark,SSB,Parcours/SSB.html,0
SIEMSEN,Mikael,Denmark,SNM,Parcours/SNM.html,0
SIMMONS,Jerry,USA,SS3,Parcours/SS3.html,0
SIMON,Gerhard,Germany,SNG,Parcours/SNG.html,0
SIMONDS,Richard,USA,SS5,Parcours/SS5.html,0
SIMONSEN,Paul,USA,1NP,Parcours/1NP.html,0
SIMONSEN,Lars-Petter,Denmark,SNL,Parcours/SNL.html,0
SIMPSON,Andrew,USA,1NA,Parcours/1NA.html,0
SINEATH,Luke,USA,SHL,Parcours/SHL.html,0
SISLER,Bill,USA,SRI,Parcours/SRI.html,0
SIWCZAK,Eric,France,SKE,Parcours/SKE.html,0
SIZMUR,Carl,UK,SRC,Parcours/SRC.html,0
SIZOV,Anatoly,Russia,SVA,Parcours/SVA.html,0
SJöGREN,Roger,Sweden,SNR,Parcours/SNR.html,0
SJöKVIST,Johan,Sweden,STJ,Parcours/STJ.html,0
SLOTWINSKI,John,USA,1IJ,Parcours/1IJ.html,0
SLOWIK,Stéphane,France,SKS,Parcours/SKS.html,0
SLUNT,Steve,Canada,141,Parcours/141.html,0
SLUNT,Bill,Canada,STW,Parcours/STW.html,0
SMEE,Alan,Australia,SEA,Parcours/SEA.html,0
SMEETS,Hans,Netherlands,11H,Parcours/11H.html,0
SMITH,Doug,usa,SHD,Parcours/SHD.html,0
SMITH,Andy,UK,SHA,Parcours/SHA.html,0
SMITH,Warren,USA,SHW,Parcours/SHW.html,0
SMITH,Cliff,USA,1HJ,Parcours/1HJ.html,0
SMITH,Sean,USA,1H1,Parcours/1H1.html,0
SMITH,Gregory,USA,1HG,Parcours/1HG.html,0
SMITH,Bob,USA,SH3,Parcours/SH3.html,0
SMITH,Barry,usa,SHB,Parcours/SHB.html,0
SMITH,Bret,USA,SH2,Parcours/SH2.html,0
SMITH,Kenny,USA,14K,Parcours/14K.html,0
SMITH,Graham,UK,SHG,Parcours/SHG.html,0
SNOEK,Eric,Netherlands,1KE,Parcours/1KE.html,0
SNOW,Marty,usa,SWM,Parcours/SWM.html,0
SOFFA,Mike,USA,1AM,Parcours/1AM.html,0
SOLA,Jordi,Spain,SAJ,Parcours/SAJ.html,0
SOLER MACHO,Eloi,Spain,S3E,Parcours/S3E.html,0
SOUKUP,Daniel,USA,SPD,Parcours/SPD.html,0
SPANGLER,Diane,USA,SR4,Parcours/SR4.html,0
SPANGLER,Larry,USA,SRL,Parcours/SRL.html,0
SPEELMAN,Joshua,USA,1NJ,Parcours/1NJ.html,0
SPELL,Chris,USA,SLC,Parcours/SLC.html,0
SPILKY,Richard,USA,SYI,Parcours/SYI.html,0
SPINETTI,Simon,Australia,SIS,Parcours/SIS.html,0
SPRAGUE,Michael,USA,SEC,Parcours/SEC.html,0
SPURLOCK,Derek,USA,SKD,Parcours/SKD.html,0
SPURLOCK,Keith,USA,SKK,Parcours/SKK.html,0
ST.CLAIR,Rob,USA,1RR,Parcours/1RR.html,0
STADICK,John,usa,SKO,Parcours/SKO.html,0
STAI,Rob,USA,SIR,Parcours/SIR.html,0
STANBRIDGE,Mike,UK,SEM,Parcours/SEM.html,0
STANHAGEN,Neil,usa,SN3,Parcours/SN3.html,0
STANHAGEN,Dan,usa,SND,Parcours/SND.html,0
STANIFORTH,Simon,UK,SHS,Parcours/SHS.html,0
STAPF,Nathan,USA,SFN,Parcours/SFN.html,0
STAPLETON,Chuck,USA,12C,Parcours/12C.html,0
STCLAIR,Keith,USA,SRK,Parcours/SRK.html,0
STEADMAN,Joe,USA,12J,Parcours/12J.html,0
STEIN,Nicklas,Sweden,SNN,Parcours/SNN.html,0
STEPHENS,Dave,USA,SSD,Parcours/SSD.html,0
STEVENS,bill,USA,S1W,Parcours/S1W.html,0
STEVENS,Neil,UK,SSN,Parcours/SSN.html,0
STEWART,Stephen,USA,STS,Parcours/STS.html,0
STEWART,Andrew,Australia,STA,Parcours/STA.html,0
STOCK,Beate,Germany,SKB,Parcours/SKB.html,0
STOKES,Alex,USA,11A,Parcours/11A.html,0
STONE,Don,USA,SED,Parcours/SED.html,0
STOPPEL,William,usa,SLW,Parcours/SLW.html,0
STORZILLO,Chris,USA,SOC,Parcours/SOC.html,0
STRADER,Randy,USA,133,Parcours/133.html,0
STRAND,Mikael,Sweden,1DM,Parcours/1DM.html,0
STRAND,Christoffer,Sweden,SDC,Parcours/SDC.html,0
STRAND,Derek,USA,SDE,Parcours/SDE.html,0
STRAND,Peter,USA,SDP,Parcours/SDP.html,0
STRASSER,Franck,Germany,1RF,Parcours/1RF.html,0
STRAUSS,Ethan,USA,SSE,Parcours/SSE.html,0
STRAZZARI,Federico,Italy,SIF,Parcours/SIF.html,0
STRUIJF,Peter,Netherlands,SFP,Parcours/SFP.html,0
STUBITS,Mike,USA,SSM,Parcours/SSM.html,0
STUCKERT,Kent,USA,STK,Parcours/STK.html,0
SUDERMAN,Paul,Canada,S2P,Parcours/S2P.html,0
SUDERMAN,Jim,Canada,124,Parcours/124.html,0
SUDERMAN,Mike,Canada,12M,Parcours/12M.html,0
SULLIVAN,Brian,USA,SNA,Parcours/SNA.html,0
SULLIVAN,Mike,USA,SNE,Parcours/SNE.html,0
SULLIVAN,Jim,USA,SN1,Parcours/SN1.html,0
SULZBY,Steven,USA,SYS,Parcours/SYS.html,0
SUTTON,Ross,usa,SNO,Parcours/SNO.html,0
SVARE,Steve,USA,1E1,Parcours/1E1.html,0
SVäRD,Martin,Sweden,SDM,Parcours/SDM.html,0
SWANN,Steve,USA,SNS,Parcours/SNS.html,0
SWIFT,Barry,USA,STB,Parcours/STB.html,0
SYLVESTER,Joe,USA,SR1,Parcours/SR1.html,0
SYLVESTER,Howard,USA,SRH,Parcours/SRH.html,0
SÆVERAAS,Torgeir,Norway,SST,Parcours/SST.html,0
TABEL,Fabrice,France,TLF,Parcours/TLF.html,0
TADDEI,Jean,France,4IJ,Parcours/4IJ.html,0
TAIT,John,UK,TTJ,Parcours/TTJ.html,0
TAKAI,Daniel,Switzerland,TID,Parcours/TID.html,0
TALBOT,Keith,USA,TTK,Parcours/TTK.html,0
TAPIO,Ray,USA,TOR,Parcours/TOR.html,0
TASKY,Stephan,France,TYS,Parcours/TYS.html,0
TASMAN,Osman,Turkey,TNO,Parcours/TNO.html,0
TAYLOR,Jim,USA,TRA,Parcours/TRA.html,0
TAYLOR,Troy,USA,TRT,Parcours/TRT.html,0
TAYLOR,Greg,USA,T3G,Parcours/T3G.html,0
TAYLOR,Glen,USA,TRG,Parcours/TRG.html,0
TAYLOR,Jeff,USA,TRE,Parcours/TRE.html,0
TAYLOR,Simon,UK,TRS,Parcours/TRS.html,0
TELLIER,Sébastien,France,431,Parcours/431.html,0
TEMPEST,Tristan,Sweden,TTT,Parcours/TTT.html,0
TEWKSBURY,Chuck,USA,TYC,Parcours/TYC.html,0
THAIN,Stewart,UK,TNT,Parcours/TNT.html,0
THIEBAULT,Xavier,France,TTX,Parcours/TTX.html,0
THOMPSON,Scott,USA,4NS,Parcours/4NS.html,0
THOMPSON,Christopher,USA,TNC,Parcours/TNC.html,0
THOMPSON,Scott,USA,TN2,Parcours/TN2.html,0
THOMPSON,Jeff,USA,TNJ,Parcours/TNJ.html,0
THOREN,Staffan,Sweden,TNS,Parcours/TNS.html,0
THORNTON,Lee,USA,TNL,Parcours/TNL.html,0
THURING,Lars,Sweden,TGL,Parcours/TGL.html,0
TIELEMANS,Yves,Belgium,TSY,Parcours/TSY.html,0
TIELEMANS,Bruno,Belgium,TSB,Parcours/TSB.html,0
TIMM,Fred,USA,TMF,Parcours/TMF.html,0
TINSLEY,Steve,USA,TYT,Parcours/TYT.html,0
TINTURE,Laurent,France,TEL,Parcours/TEL.html,0
TIRRELL,Robert,USA,TLR,Parcours/TLR.html,0
TOCHER,Derek,UK,TRD,Parcours/TRD.html,0
TODD,Keith,USA,TDK,Parcours/TDK.html,0
TOKARZ,Louie,USA,TZL,Parcours/TZL.html,0
TOLLEY,Dave,USA,TYD,Parcours/TYD.html,0
TOMAS,José,Spain,TSJ,Parcours/TSJ.html,0
TONEY,Jeff,USA,TY1,Parcours/TY1.html,0
TOPP,eric,Australia,4PE,Parcours/4PE.html,0
TOREKI,Jeff,USA,TI1,Parcours/TI1.html,0
TORGESON,Ted,USA,424,Parcours/424.html,0
TORKELSON,Jim,USA,TNI,Parcours/TNI.html,0
TORNERO,José,Spain,TOJ,Parcours/TOJ.html,0
TORRENGA,Don,USA,TAD,Parcours/TAD.html,0
TOURNEMIRE,G.,France,TEG,Parcours/TEG.html,0
TOUVDAL,Jes,Denmark,TLJ,Parcours/TLJ.html,0
TOZE,Santos,Portugal,TES,Parcours/TES.html,0
TRACY,J.R.,USA,TYJ,Parcours/TYJ.html,0
TRAVER,Jim,USA,TR2,Parcours/TR2.html,0
TREATMAN,Steve,USA,412,Parcours/412.html,0
TRESLOVE,Paul,UK,TEP,Parcours/TEP.html,0
TREU,James,USA,TUJ,Parcours/TUJ.html,0
TREZZA,Gary,USA,TAG,Parcours/TAG.html,0
TRIPPEER,Richard,USA,TRR,Parcours/TRR.html,0
TROHA,Rick,USA,TAR,Parcours/TAR.html,0
TRONDSEN,Eivind,Norway,TNE,Parcours/TNE.html,0
TROULAY,Yves,France,TYY,Parcours/TYY.html,0
TROUT,Chris,USA,TTC,Parcours/TTC.html,0
TRUE,James,USA,TEJ,Parcours/TEJ.html,0
TUFANO,Bob,USA,TOB,Parcours/TOB.html,0
TULET,Michel,France,TTM,Parcours/TTM.html,0
TURCO,Christian,France,TOC,Parcours/TOC.html,0
TURESSON,Tomas,Sweden,T2T,Parcours/T2T.html,0
TURLEY,Troy,USA,T5T,Parcours/T5T.html,0
TURPIN,David,UK,TND,Parcours/TND.html,0
TURPIN,John,UK,T2J,Parcours/T2J.html,0
TUTEN,Ian,USA,T2I,Parcours/T2I.html,0
TUZZI,Massimiliano,Italy,TIM,Parcours/TIM.html,0
TYE,David,UK,TED,Parcours/TED.html,0
TYSON,Sam,USA,TNA,Parcours/TNA.html,0
TYSON,Keith,USA,TNK,Parcours/TNK.html,0
TåNGRING,Markus,Sweden,TGM,Parcours/TGM.html,0
TöPPER,Marcus,Germany,TR0,Parcours/TR0.html,0
UELRY,Gray,USA,UYG,Parcours/UYG.html,0
URBANO CAMPOS,Andres,Spain,UOA,Parcours/UOA.html,0
URUSKY,Mick,Canada,UYM,Parcours/UYM.html,0
VAILLANT,Philippe,France,VTP,Parcours/VTP.html,0
VAN BEEST,Bob,USA,VTB,Parcours/VTB.html,0
VAN DEN BERG,Bas,Netherlands,BGB,Parcours/BGB.html,0
VAN DER SALM,Hennie,Netherlands,VND,Parcours/VND.html,0
VAN GUYEN,John,MEXICO,V2J,Parcours/V2J.html,0
VAN HORN,Eric,USA,VNE,Parcours/VNE.html,0
VAN HOUTE,Maarten,Netherlands,H8M,Parcours/H8M.html,0
VAN MARTER,John,USA,VRJ,Parcours/VRJ.html,0
VAN MECHELEN,J.R.,usa,MVJ,Parcours/MVJ.html,0
VAN OSTEN,John,USA,VNJ,Parcours/VNJ.html,0
VAN POPPEL,Albert,Netherlands,VNP,Parcours/VNP.html,0
VAN SCHALKWIJK,Boudewijn,Netherlands,VNS,Parcours/VNS.html,0
VANDENBOSCH,Christian,France,VHC,Parcours/VHC.html,0
VANDERBOS,Chad,USA,VSC,Parcours/VSC.html,0
VANEK,Arlen,USA,VKA,Parcours/VKA.html,0
VARS,Roy,USA,VSR,Parcours/VSR.html,0
VASILOU,Jim,USA,VUJ,Parcours/VUJ.html,0
VAUGHN,Wes,USA,VNW,Parcours/VNW.html,0
VEEDER,Marvin,USA,VRM,Parcours/VRM.html,0
VEENSTRA,Maarten,Netherlands,VAA,Parcours/VAA.html,0
VEENSTRA,Peter,Netherlands,VAP,Parcours/VAP.html,0
VENNARUCCI,Joe,USA,VIJ,Parcours/VIJ.html,0
VERHEIJ,Jeroen,Netherlands,VJJ,Parcours/VJJ.html,0
VESTELIND,Tomas,Sweden,VDT,Parcours/VDT.html,0
VICCA,Martin,UK,VAM,Parcours/VAM.html,0
VICENTE,Carlos,Spain,VEC,Parcours/VEC.html,0
VIGIER,Fabrice,France,VRF,Parcours/VRF.html,0
VIHERSAARI,Eero,Finland,VI0,Parcours/VI0.html,0
VINAL,John,USA,VLJ,Parcours/VLJ.html,0
VINCENT,Ray,USA,VT3,Parcours/VT3.html,0
VINCENT,Kirby,Sweden,V4K,Parcours/V4K.html,0
VIROBIK,Daniel,USA,VKD,Parcours/VKD.html,0
VIRRI,Vesa,Finland,VIV,Parcours/VIV.html,0
VISNOWSKI,Eric,USA,VIE,Parcours/VIE.html,0
VITRY,Xavier,France,VYX,Parcours/VYX.html,0
VOIGT,Ric,USA,VTR,Parcours/VTR.html,0
VON VOIGHT,Karl,USA,VTK,Parcours/VTK.html,0
VOZNIC,Ryan,USA,VC1,Parcours/VC1.html,0
WAH,Li Tah,China,WHL,Parcours/WHL.html,0
WALDEN,Bob,USA,WNB,Parcours/WNB.html,0
WALDON,Jeff,USA,W2J,Parcours/W2J.html,0
WALDRON,Bob,USA,WN2,Parcours/WN2.html,0
WALKER,Roger,USA,WRR,Parcours/WRR.html,0
WALKER,Matt,USA,WRM,Parcours/WRM.html,0
WALLACE,Dave,Australia,WED,Parcours/WED.html,0
WALLER,Will,USA,WRW,Parcours/WRW.html,0
WALLER,Andy,UK,9RA,Parcours/9RA.html,0
WALLICK,Dave,USA,WKD,Parcours/WKD.html,0
WALTERS,Craig,USA,WSC,Parcours/WSC.html,0
WALTON,Chris,UK,WNC,Parcours/WNC.html,0
WALZ,Mark,USA,WZM,Parcours/WZM.html,0
WAN,Lai Lap,China,W2L,Parcours/W2L.html,0
WANG,Zhen,Hong Kong,WGZ,Parcours/WGZ.html,0
WANNALL,Charles,USA,WLC,Parcours/WLC.html,0
WARD,Derek,Australia,WDD,Parcours/WDD.html,0
WARD,Peter,USA,W7P,Parcours/W7P.html,0
WARD,Brian,USA,9DB,Parcours/9DB.html,0
WARD,Michael,USA,WDM,Parcours/WDM.html,0
WARD,Joe,USA,WDJ,Parcours/WDJ.html,0
WARDZALA,Dave,USA,WAD,Parcours/WAD.html,0
WARREN,James,USA,92J,Parcours/92J.html,0
WASSERMAN,Jeff,Canada,WN3,Parcours/WN3.html,0
WATERHOUSE,Jim,USA,WEJ,Parcours/WEJ.html,0
WATSON,Mark,Canada,W2M,Parcours/W2M.html,0
WAUFORD,Hayes,USA,WDH,Parcours/WDH.html,0
WEBBER,Steve,Canada,WRS,Parcours/WRS.html,0
WEGENER,Nathan,USA,WRN,Parcours/WRN.html,0
WEGENER,Peter,USA,WRP,Parcours/WRP.html,0
WEGENER,Albert,USA,WRA,Parcours/WRA.html,0
WEILEY,Richard,Australia,WYR,Parcours/WYR.html,0
WEIMAR,Laurent,France,W3L,Parcours/W3L.html,0
WEISS,Michael,USA,WS1,Parcours/WS1.html,0
WELSH,Cliff,usa,WHC,Parcours/WHC.html,0
WENTZELL,Jeff,USA,WLJ,Parcours/WLJ.html,0
WERT,Jason,USA,WTJ,Parcours/WTJ.html,0
WERT,Jeff,USA,9TJ,Parcours/9TJ.html,0
WESTERGREN,Anders,Sweden,W2A,Parcours/W2A.html,0
WESTERLUND,Antti,Finland,WDA,Parcours/WDA.html,0
WESTLAKE,Jamie,Australia,98J,Parcours/98J.html,0
WESTON,Ramon,USA,W2R,Parcours/W2R.html,0
WETZELBERGER,Dale,USA,WRD,Parcours/WRD.html,0
WHALEN,Liam,Canada,WNL,Parcours/WNL.html,0
WHELAN,Roger,USA,WN1,Parcours/WN1.html,0
WHINNET,Andrew,UK,WTA,Parcours/WTA.html,0
WHITE,Rick,Canada,WER,Parcours/WER.html,0
WHITE,Sean,Canada,WES,Parcours/WES.html,0
WHITE,Jim,USA,9EJ,Parcours/9EJ.html,0
WHITE,Al,USA,9EA,Parcours/9EA.html,0
WHITES,Steve,USA,WSS,Parcours/WSS.html,0
WHITHAM,Unknown,USA,WMU,Parcours/WMU.html,0
WIDYAPARAGA,Adhika,Indonesia,WAA,Parcours/WAA.html,0
WIEHAHN,Miles,UK,WNM,Parcours/WNM.html,0
WIERSMA,Brian,USA,WAB,Parcours/WAB.html,0
WIESER,Norm,Canada,9RN,Parcours/9RN.html,0
WIESING,Bill,USA,WGB,Parcours/WGB.html,0
WIGERTZ,Anders,Sweden,WZA,Parcours/WZA.html,0
WILCOX,Ted,USA,WXT,Parcours/WXT.html,0
WILEY,Todd,USA,WYT,Parcours/WYT.html,0
WILLEY,Ian,UK,9YI,Parcours/9YI.html,0
WILLEY,Mike,USA,WYI,Parcours/WYI.html,0
WILLIAMS,Brian,USA,WS2,Parcours/WS2.html,0
WILLIAMS,Dave,USA,WSD,Parcours/WSD.html,0
WILLIAMS,Russell,Canada,WSR,Parcours/WSR.html,0
WILLIAMSON,Jerry,USA,920,Parcours/920.html,0
WILLMANN,Ken,USA,WNK,Parcours/WNK.html,0
WILLMER,Charlie,USA,WRC,Parcours/WRC.html,0
WILLOW,Larry,USA,99L,Parcours/99L.html,0
WILLOW,Will,USA,WWW,Parcours/WWW.html,0
WILLS,Bryan,USA,WSB,Parcours/WSB.html,0
WILSON,David,New Zealand,W2D,Parcours/W2D.html,0
WILSON,Tim,usa,WNT,Parcours/WNT.html,0
WILSON,Tom,Canada,W24,Parcours/W24.html,0
WILSON,Robert,USA,W23,Parcours/W23.html,0
WILSON,Joe,USA,WN6,Parcours/WN6.html,0
WILSON,Charlie,USA,W2C,Parcours/W2C.html,0
WINSLOW,Larry,USA,WWL,Parcours/WWL.html,0
WINSLOW,John,USA,WWJ,Parcours/WWJ.html,0
WIRHTLIN,Rob,USA,9N3,Parcours/9N3.html,0
WIRTHLIN,Rob,USA,9NR,Parcours/9NR.html,0
WIRTHLIN,Jeff,USA,9NJ,Parcours/9NJ.html,0
WISEMAN,Jim,USA,924,Parcours/924.html,0
WIT,Hank,USA,WTH,Parcours/WTH.html,0
WITHAAR,Hank,USA,WRH,Parcours/WRH.html,0
WITHR,Hank,USA,W3H,Parcours/W3H.html,0
WITJES,Dustin,USA,W1D,Parcours/W1D.html,0
WOLFE,David,USA,W87,Parcours/W87.html,0
WOLFE,Mark,USA,WEN,Parcours/WEN.html,0
WOLKEY,Rob,USA,WY1,Parcours/WY1.html,0
WOLLER,Kirk,USA,WRK,Parcours/WRK.html,0
WOLOSZYN,Ray,USA,WNR,Parcours/WNR.html,0
WOLSTENHOLME,James,Australia,W8J,Parcours/W8J.html,0
WONG,Wei-Kwong,USA,WGW,Parcours/WGW.html,0
WOOD,John,USA,9DJ,Parcours/9DJ.html,0
WOODALL,James,USA,9LJ,Parcours/9LJ.html,0
WOODS,Mark,USA,W1M,Parcours/W1M.html,0
WORBIS,Pär,Sweden,NNP,Parcours/NNP.html,0
WORDEN,Patrick,USA,WNP,Parcours/WNP.html,0
WORDEN,John IV,USA,WNO,Parcours/WNO.html,0
WORDEN,John V,USA,92V,Parcours/92V.html,0
WORKS,Paul,USA,WSP,Parcours/WSP.html,0
WRIGHT,Darrell,USA,WTD,Parcours/WTD.html,0
WURSTEISEN,Christian,France,WNH,Parcours/WNH.html,0
XXXXXX,Juan,Spain,XX4,Parcours/XX4.html,0
XXXXXX,Luis,Spain,XX5,Parcours/XX5.html,0
YAN,Fen,USA,YNF,Parcours/YNF.html,0
YEATES,Randy,USA,YSR,Parcours/YSR.html,0
YETTER,Tom,USA,YRT,Parcours/YRT.html,0
YLLANES,David,Canada,YSD,Parcours/YSD.html,0
YNGERSKOG,Martin,Sweden,YGM,Parcours/YGM.html,0
YOUNG,Kenneth,Canada,YGK,Parcours/YGK.html,0
YOUNG,Andy,USA,YGA,Parcours/YGA.html,0
YOUSE,Brian,USA,YEB,Parcours/YEB.html,0
ZAJAC,Matthew,USA,ZCM,Parcours/ZCM.html,0
ZAPATA,dale,USA,ZAD,Parcours/ZAD.html,0
ZARZECKI,Ross,USA,ZIR,Parcours/ZIR.html,0
ZEIMENTZ,Mike,USA,ZZM,Parcours/ZZM.html,0
ZETTERHOLM,Stefan,Sweden,ZMS,Parcours/ZMS.html,0
ZHANG,Xiaowei (Xavier),China,ZGX,Parcours/ZGX.html,0
ZHEN,Wang,China,ZNW,Parcours/ZNW.html,0
ZHENG,Johnny (Guangjun),China,ZGJ,Parcours/ZGJ.html,0
ZIELINSKI,Collin,USA,ZIC,Parcours/ZIC.html,0
ZIELINSKI,Kileigh,USA,ZIK,Parcours/ZIK.html,0
ZIELINSKI,Mark,USA,ZIM,Parcours/ZIM.html,0
ZINSELMEYER,Bob,USA,ZRR,Parcours/ZRR.html,0
ZOET,Larry,USA,ZTL,Parcours/ZTL.html,0
ZOPFF,Bill,USA,ZFB,Parcours/ZFB.html,0
ZUCKER,Dan,USA,ZRD,Parcours/ZRD.html,0
åBERG,Pierre,Sweden,AGP,Parcours/AGP.html,0
